scenario,metric,dataset,mean ± std
baseline,accuracy,abalone_binarized,0.892 ± 0.0029
baseline,accuracy,auction,0.95 ± 0.0022
baseline,accuracy,car_eval_binarized,0.989 ± 0.0037
baseline,accuracy,chess,0.989 ± 0.0027
baseline,accuracy,climate_simulation_crashes,0.933 ± 0.0036
baseline,accuracy,club_loan,0.827 ± 0.001
baseline,accuracy,coil_2000,0.927 ± 0.0023
baseline,accuracy,graduation,0.906 ± 0.0036
baseline,accuracy,jm1,0.807 ± 0.0038
baseline,accuracy,kc1,0.854 ± 0.0057
baseline,accuracy,letter_img,0.995 ± 0.0009
baseline,accuracy,mammography,0.986 ± 0.002
baseline,accuracy,optical_digits,0.982 ± 0.003
baseline,accuracy,ozone_level,0.941 ± 0.0037
baseline,accuracy,page_blocks,0.968 ± 0.0031
baseline,accuracy,pc1,0.933 ± 0.0093
baseline,accuracy,pen_digits,0.989 ± 0.0009
baseline,accuracy,pie_chart,0.863 ± 0.0108
baseline,accuracy,satellite,0.993 ± 0.0016
baseline,accuracy,satimage,0.935 ± 0.0027
baseline,accuracy,seismic_bumps,0.926 ± 0.0022
baseline,accuracy,sick_euthyroid,0.966 ± 0.0051
baseline,accuracy,solar_flare,0.941 ± 0.0058
baseline,accuracy,thoracic_surgery,0.829 ± 0.0097
baseline,accuracy,thyroid_disease,0.982 ± 0.0041
baseline,accuracy,us_crime,0.935 ± 0.0065
baseline,accuracy,vowel,0.992 ± 0.0054
baseline,accuracy,wilt,0.98 ± 0.0027
baseline,accuracy,wine_quality,0.963 ± 0.0016
baseline,accuracy,yeast,0.946 ± 0.011
baseline,auc_score,abalone_binarized,0.812 ± 0.0179
baseline,auc_score,auction,0.939 ± 0.0051
baseline,auc_score,car_eval_binarized,0.996 ± 0.0046
baseline,auc_score,chess,0.983 ± 0.0036
baseline,auc_score,climate_simulation_crashes,0.903 ± 0.0332
baseline,auc_score,club_loan,0.637 ± 0.0087
baseline,auc_score,coil_2000,0.691 ± 0.0188
baseline,auc_score,graduation,0.649 ± 0.0192
baseline,auc_score,jm1,0.708 ± 0.0129
baseline,auc_score,kc1,0.768 ± 0.0163
baseline,auc_score,letter_img,0.994 ± 0.001
baseline,auc_score,mammography,0.913 ± 0.0208
baseline,auc_score,optical_digits,0.986 ± 0.0037
baseline,auc_score,ozone_level,0.877 ± 0.0251
baseline,auc_score,page_blocks,0.976 ± 0.0055
baseline,auc_score,pc1,0.825 ± 0.0489
baseline,auc_score,pen_digits,0.993 ± 0.0017
baseline,auc_score,pie_chart,0.785 ± 0.0287
baseline,auc_score,satellite,0.948 ± 0.0253
baseline,auc_score,satimage,0.92 ± 0.0065
baseline,auc_score,seismic_bumps,0.694 ± 0.0401
baseline,auc_score,sick_euthyroid,0.968 ± 0.0046
baseline,auc_score,solar_flare,0.711 ± 0.0909
baseline,auc_score,thoracic_surgery,0.598 ± 0.0145
baseline,auc_score,thyroid_disease,0.983 ± 0.0071
baseline,auc_score,us_crime,0.882 ± 0.0288
baseline,auc_score,vowel,0.992 ± 0.0072
baseline,auc_score,wilt,0.979 ± 0.0081
baseline,auc_score,wine_quality,0.833 ± 0.0172
baseline,auc_score,yeast,0.953 ± 0.015
baseline,f1_score,abalone_binarized,0.116 ± 0.0216
baseline,f1_score,auction,0.705 ± 0.0156
baseline,f1_score,car_eval_binarized,0.929 ± 0.0267
baseline,f1_score,chess,0.825 ± 0.0388
baseline,f1_score,climate_simulation_crashes,0.964 ± 0.002
baseline,f1_score,club_loan,0.084 ± 0.0113
baseline,f1_score,coil_2000,0.083 ± 0.0123
baseline,f1_score,graduation,0.063 ± 0.0131
baseline,f1_score,jm1,0.277 ± 0.0179
baseline,f1_score,kc1,0.375 ± 0.0336
baseline,f1_score,letter_img,0.92 ± 0.013
baseline,f1_score,mammography,0.639 ± 0.0725
baseline,f1_score,optical_digits,0.9 ± 0.0186
baseline,f1_score,ozone_level,0.329 ± 0.0595
baseline,f1_score,page_blocks,0.838 ± 0.012
baseline,f1_score,pc1,0.328 ± 0.1141
baseline,f1_score,pen_digits,0.931 ± 0.0062
baseline,f1_score,pie_chart,0.217 ± 0.0459
baseline,f1_score,satellite,0.737 ± 0.0723
baseline,f1_score,satimage,0.579 ± 0.0186
baseline,f1_score,seismic_bumps,0.085 ± 0.013
baseline,f1_score,sick_euthyroid,0.805 ± 0.0249
baseline,f1_score,solar_flare,0.1 ± 0.0735
baseline,f1_score,thoracic_surgery,0.905 ± 0.0061
baseline,f1_score,thyroid_disease,0.837 ± 0.0379
baseline,f1_score,us_crime,0.466 ± 0.0999
baseline,f1_score,vowel,0.953 ± 0.0304
baseline,f1_score,wilt,0.771 ± 0.0392
baseline,f1_score,wine_quality,0.256 ± 0.0474
baseline,f1_score,yeast,0.738 ± 0.0561
baseline,f2_score,abalone_binarized,0.099 ± 0.0202
baseline,f2_score,auction,0.677 ± 0.0134
baseline,f2_score,car_eval_binarized,0.924 ± 0.0374
baseline,f2_score,chess,0.788 ± 0.0378
baseline,f2_score,climate_simulation_crashes,0.977 ± 0.0028
baseline,f2_score,club_loan,0.066 ± 0.0082
baseline,f2_score,coil_2000,0.069 ± 0.0097
baseline,f2_score,graduation,0.052 ± 0.0103
baseline,f2_score,jm1,0.224 ± 0.0159
baseline,f2_score,kc1,0.32 ± 0.0341
baseline,f2_score,letter_img,0.898 ± 0.0173
baseline,f2_score,mammography,0.571 ± 0.0813
baseline,f2_score,optical_digits,0.869 ± 0.0246
baseline,f2_score,ozone_level,0.271 ± 0.0557
baseline,f2_score,page_blocks,0.821 ± 0.0164
baseline,f2_score,pc1,0.283 ± 0.1112
baseline,f2_score,pen_digits,0.913 ± 0.0057
baseline,f2_score,pie_chart,0.184 ± 0.0566
baseline,f2_score,satellite,0.687 ± 0.0849
baseline,f2_score,satimage,0.534 ± 0.0283
baseline,f2_score,seismic_bumps,0.067 ± 0.0105
baseline,f2_score,sick_euthyroid,0.783 ± 0.0252
baseline,f2_score,solar_flare,0.083 ± 0.0615
baseline,f2_score,thoracic_surgery,0.939 ± 0.0084
baseline,f2_score,thyroid_disease,0.809 ± 0.0465
baseline,f2_score,us_crime,0.412 ± 0.1071
baseline,f2_score,vowel,0.942 ± 0.0359
baseline,f2_score,wilt,0.736 ± 0.0595
baseline,f2_score,wine_quality,0.205 ± 0.0428
baseline,f2_score,yeast,0.717 ± 0.0739
baseline,pr_auc_score,abalone_binarized,0.285 ± 0.0233
baseline,pr_auc_score,auction,0.806 ± 0.0187
baseline,pr_auc_score,car_eval_binarized,0.98 ± 0.01
baseline,pr_auc_score,chess,0.92 ± 0.0322
baseline,pr_auc_score,climate_simulation_crashes,0.989 ± 0.006
baseline,pr_auc_score,club_loan,0.262 ± 0.0063
baseline,pr_auc_score,coil_2000,0.147 ± 0.0144
baseline,pr_auc_score,graduation,0.16 ± 0.0194
baseline,pr_auc_score,jm1,0.413 ± 0.0183
baseline,pr_auc_score,kc1,0.454 ± 0.0329
baseline,pr_auc_score,letter_img,0.965 ± 0.0076
baseline,pr_auc_score,mammography,0.691 ± 0.0705
baseline,pr_auc_score,optical_digits,0.961 ± 0.0081
baseline,pr_auc_score,ozone_level,0.475 ± 0.0674
baseline,pr_auc_score,page_blocks,0.894 ± 0.0241
baseline,pr_auc_score,pc1,0.407 ± 0.117
baseline,pr_auc_score,pen_digits,0.973 ± 0.0051
baseline,pr_auc_score,pie_chart,0.35 ± 0.0324
baseline,pr_auc_score,satellite,0.8 ± 0.072
baseline,pr_auc_score,satimage,0.694 ± 0.0251
baseline,pr_auc_score,seismic_bumps,0.185 ± 0.0219
baseline,pr_auc_score,sick_euthyroid,0.839 ± 0.0406
baseline,pr_auc_score,solar_flare,0.167 ± 0.0796
baseline,pr_auc_score,thoracic_surgery,0.894 ± 0.0059
baseline,pr_auc_score,thyroid_disease,0.894 ± 0.0295
baseline,pr_auc_score,us_crime,0.559 ± 0.063
baseline,pr_auc_score,vowel,0.979 ± 0.0152
baseline,pr_auc_score,wilt,0.892 ± 0.0289
baseline,pr_auc_score,wine_quality,0.347 ± 0.0405
baseline,pr_auc_score,yeast,0.8 ± 0.0628
baseline,precision,abalone_binarized,0.223 ± 0.0685
baseline,precision,auction,0.845 ± 0.0394
baseline,precision,car_eval_binarized,0.943 ± 0.0349
baseline,precision,chess,0.906 ± 0.0597
baseline,precision,climate_simulation_crashes,0.945 ± 0.0055
baseline,precision,club_loan,0.331 ± 0.0415
baseline,precision,coil_2000,0.253 ± 0.0492
baseline,precision,graduation,0.178 ± 0.0856
baseline,precision,jm1,0.546 ± 0.0279
baseline,precision,kc1,0.578 ± 0.0452
baseline,precision,letter_img,0.965 ± 0.0121
baseline,precision,mammography,0.817 ± 0.0436
baseline,precision,optical_digits,0.962 ± 0.006
baseline,precision,ozone_level,0.629 ± 0.123
baseline,precision,page_blocks,0.873 ± 0.043
baseline,precision,pc1,0.564 ± 0.1362
baseline,precision,pen_digits,0.979 ± 0.0069
baseline,precision,pie_chart,0.419 ± 0.0865
baseline,precision,satellite,0.857 ± 0.0628
baseline,precision,satimage,0.708 ± 0.0543
baseline,precision,seismic_bumps,0.243 ± 0.0593
baseline,precision,sick_euthyroid,0.852 ± 0.0505
baseline,precision,solar_flare,0.193 ± 0.1634
baseline,precision,thoracic_surgery,0.855 ± 0.0038
baseline,precision,thyroid_disease,0.896 ± 0.0236
baseline,precision,us_crime,0.645 ± 0.0686
baseline,precision,vowel,0.974 ± 0.0277
baseline,precision,wilt,0.899 ± 0.022
baseline,precision,wine_quality,0.576 ± 0.083
baseline,precision,yeast,0.785 ± 0.0586
baseline,recall,abalone_binarized,0.091 ± 0.0195
baseline,recall,auction,0.663 ± 0.0132
baseline,recall,car_eval_binarized,0.923 ± 0.0471
baseline,recall,chess,0.767 ± 0.0407
baseline,recall,climate_simulation_crashes,0.985 ± 0.0045
baseline,recall,club_loan,0.059 ± 0.007
baseline,recall,coil_2000,0.064 ± 0.0086
baseline,recall,graduation,0.047 ± 0.0092
baseline,recall,jm1,0.201 ± 0.0148
baseline,recall,kc1,0.293 ± 0.0344
baseline,recall,letter_img,0.885 ± 0.0202
baseline,recall,mammography,0.535 ± 0.0849
baseline,recall,optical_digits,0.851 ± 0.028
baseline,recall,ozone_level,0.245 ± 0.054
baseline,recall,page_blocks,0.811 ± 0.0278
baseline,recall,pc1,0.263 ± 0.1096
baseline,recall,pen_digits,0.903 ± 0.0059
baseline,recall,pie_chart,0.169 ± 0.0623
baseline,recall,satellite,0.661 ± 0.0935
baseline,recall,satimage,0.508 ± 0.0342
baseline,recall,seismic_bumps,0.059 ± 0.0095
baseline,recall,sick_euthyroid,0.771 ± 0.0317
baseline,recall,solar_flare,0.075 ± 0.0559
baseline,recall,thoracic_surgery,0.962 ± 0.0102
baseline,recall,thyroid_disease,0.792 ± 0.0519
baseline,recall,us_crime,0.386 ± 0.1099
baseline,recall,vowel,0.935 ± 0.0402
baseline,recall,wilt,0.718 ± 0.0723
baseline,recall,wine_quality,0.184 ± 0.0402
baseline,recall,yeast,0.705 ± 0.0867
class_weights,accuracy,abalone_binarized,0.864 ± 0.0056
class_weights,accuracy,auction,0.933 ± 0.0075
class_weights,accuracy,car_eval_binarized,0.989 ± 0.0031
class_weights,accuracy,chess,0.988 ± 0.0034
class_weights,accuracy,climate_simulation_crashes,0.928 ± 0.0041
class_weights,accuracy,club_loan,0.768 ± 0.0107
class_weights,accuracy,coil_2000,0.891 ± 0.0061
class_weights,accuracy,graduation,0.886 ± 0.0049
class_weights,accuracy,jm1,0.769 ± 0.0077
class_weights,accuracy,kc1,0.827 ± 0.0113
class_weights,accuracy,letter_img,0.994 ± 0.0006
class_weights,accuracy,mammography,0.983 ± 0.0025
class_weights,accuracy,optical_digits,0.982 ± 0.0032
class_weights,accuracy,ozone_level,0.933 ± 0.0038
class_weights,accuracy,page_blocks,0.967 ± 0.0036
class_weights,accuracy,pc1,0.919 ± 0.0171
class_weights,accuracy,pen_digits,0.991 ± 0.0007
class_weights,accuracy,pie_chart,0.838 ± 0.0098
class_weights,accuracy,satellite,0.992 ± 0.0014
class_weights,accuracy,satimage,0.903 ± 0.0052
class_weights,accuracy,seismic_bumps,0.9 ± 0.0098
class_weights,accuracy,sick_euthyroid,0.968 ± 0.0052
class_weights,accuracy,solar_flare,0.913 ± 0.0147
class_weights,accuracy,thoracic_surgery,0.826 ± 0.0115
class_weights,accuracy,thyroid_disease,0.98 ± 0.0037
class_weights,accuracy,us_crime,0.928 ± 0.0024
class_weights,accuracy,vowel,0.992 ± 0.0041
class_weights,accuracy,wilt,0.982 ± 0.0023
class_weights,accuracy,wine_quality,0.953 ± 0.0082
class_weights,accuracy,yeast,0.943 ± 0.0097
class_weights,auc_score,abalone_binarized,0.814 ± 0.0132
class_weights,auc_score,auction,0.945 ± 0.0071
class_weights,auc_score,car_eval_binarized,0.995 ± 0.004
class_weights,auc_score,chess,0.986 ± 0.0022
class_weights,auc_score,climate_simulation_crashes,0.886 ± 0.0311
class_weights,auc_score,club_loan,0.633 ± 0.0105
class_weights,auc_score,coil_2000,0.691 ± 0.0174
class_weights,auc_score,graduation,0.647 ± 0.0247
class_weights,auc_score,jm1,0.71 ± 0.0119
class_weights,auc_score,kc1,0.762 ± 0.0193
class_weights,auc_score,letter_img,0.993 ± 0.0018
class_weights,auc_score,mammography,0.911 ± 0.0177
class_weights,auc_score,optical_digits,0.987 ± 0.0024
class_weights,auc_score,ozone_level,0.878 ± 0.0291
class_weights,auc_score,page_blocks,0.978 ± 0.005
class_weights,auc_score,pc1,0.821 ± 0.0375
class_weights,auc_score,pen_digits,0.993 ± 0.0018
class_weights,auc_score,pie_chart,0.785 ± 0.0277
class_weights,auc_score,satellite,0.935 ± 0.0257
class_weights,auc_score,satimage,0.922 ± 0.0069
class_weights,auc_score,seismic_bumps,0.691 ± 0.0254
class_weights,auc_score,sick_euthyroid,0.971 ± 0.0073
class_weights,auc_score,solar_flare,0.715 ± 0.07
class_weights,auc_score,thoracic_surgery,0.616 ± 0.0219
class_weights,auc_score,thyroid_disease,0.982 ± 0.0052
class_weights,auc_score,us_crime,0.881 ± 0.0255
class_weights,auc_score,vowel,0.993 ± 0.0056
class_weights,auc_score,wilt,0.979 ± 0.0083
class_weights,auc_score,wine_quality,0.83 ± 0.0192
class_weights,auc_score,yeast,0.954 ± 0.0193
class_weights,f1_score,abalone_binarized,0.234 ± 0.0154
class_weights,f1_score,auction,0.771 ± 0.0219
class_weights,f1_score,car_eval_binarized,0.931 ± 0.0223
class_weights,f1_score,chess,0.826 ± 0.0406
class_weights,f1_score,climate_simulation_crashes,0.962 ± 0.0023
class_weights,f1_score,club_loan,0.187 ± 0.01
class_weights,f1_score,coil_2000,0.152 ± 0.0132
class_weights,f1_score,graduation,0.103 ± 0.0185
class_weights,f1_score,jm1,0.373 ± 0.0165
class_weights,f1_score,kc1,0.397 ± 0.019
class_weights,f1_score,letter_img,0.919 ± 0.0088
class_weights,f1_score,mammography,0.634 ± 0.0591
class_weights,f1_score,optical_digits,0.907 ± 0.0189
class_weights,f1_score,ozone_level,0.355 ± 0.0601
class_weights,f1_score,page_blocks,0.844 ± 0.0137
class_weights,f1_score,pc1,0.365 ± 0.0855
class_weights,f1_score,pen_digits,0.95 ± 0.0035
class_weights,f1_score,pie_chart,0.276 ± 0.072
class_weights,f1_score,satellite,0.712 ± 0.0672
class_weights,f1_score,satimage,0.614 ± 0.0216
class_weights,f1_score,seismic_bumps,0.144 ± 0.0261
class_weights,f1_score,sick_euthyroid,0.824 ± 0.0238
class_weights,f1_score,solar_flare,0.166 ± 0.0327
class_weights,f1_score,thoracic_surgery,0.903 ± 0.0069
class_weights,f1_score,thyroid_disease,0.833 ± 0.0345
class_weights,f1_score,us_crime,0.461 ± 0.0599
class_weights,f1_score,vowel,0.955 ± 0.0231
class_weights,f1_score,wilt,0.829 ± 0.029
class_weights,f1_score,wine_quality,0.308 ± 0.0387
class_weights,f1_score,yeast,0.737 ± 0.0472
class_weights,f2_score,abalone_binarized,0.258 ± 0.0174
class_weights,f2_score,auction,0.775 ± 0.0252
class_weights,f2_score,car_eval_binarized,0.935 ± 0.0391
class_weights,f2_score,chess,0.806 ± 0.04
class_weights,f2_score,climate_simulation_crashes,0.975 ± 0.0033
class_weights,f2_score,club_loan,0.201 ± 0.0079
class_weights,f2_score,coil_2000,0.168 ± 0.0151
class_weights,f2_score,graduation,0.102 ± 0.0199
class_weights,f2_score,jm1,0.371 ± 0.0224
class_weights,f2_score,kc1,0.379 ± 0.0324
class_weights,f2_score,letter_img,0.912 ± 0.0232
class_weights,f2_score,mammography,0.614 ± 0.0683
class_weights,f2_score,optical_digits,0.887 ± 0.0259
class_weights,f2_score,ozone_level,0.325 ± 0.0689
class_weights,f2_score,page_blocks,0.851 ± 0.0118
class_weights,f2_score,pc1,0.34 ± 0.0861
class_weights,f2_score,pen_digits,0.943 ± 0.0037
class_weights,f2_score,pie_chart,0.281 ± 0.0886
class_weights,f2_score,satellite,0.672 ± 0.0863
class_weights,f2_score,satimage,0.619 ± 0.0313
class_weights,f2_score,seismic_bumps,0.147 ± 0.0251
class_weights,f2_score,sick_euthyroid,0.82 ± 0.0304
class_weights,f2_score,solar_flare,0.182 ± 0.042
class_weights,f2_score,thoracic_surgery,0.936 ± 0.0099
class_weights,f2_score,thyroid_disease,0.82 ± 0.0419
class_weights,f2_score,us_crime,0.431 ± 0.079
class_weights,f2_score,vowel,0.948 ± 0.0258
class_weights,f2_score,wilt,0.822 ± 0.0519
class_weights,f2_score,wine_quality,0.279 ± 0.0307
class_weights,f2_score,yeast,0.734 ± 0.0624
class_weights,pr_auc_score,abalone_binarized,0.292 ± 0.017
class_weights,pr_auc_score,auction,0.808 ± 0.0187
class_weights,pr_auc_score,car_eval_binarized,0.982 ± 0.0071
class_weights,pr_auc_score,chess,0.924 ± 0.0306
class_weights,pr_auc_score,climate_simulation_crashes,0.987 ± 0.0071
class_weights,pr_auc_score,club_loan,0.259 ± 0.0086
class_weights,pr_auc_score,coil_2000,0.143 ± 0.0111
class_weights,pr_auc_score,graduation,0.156 ± 0.0286
class_weights,pr_auc_score,jm1,0.413 ± 0.0186
class_weights,pr_auc_score,kc1,0.44 ± 0.0291
class_weights,pr_auc_score,letter_img,0.964 ± 0.0073
class_weights,pr_auc_score,mammography,0.675 ± 0.0646
class_weights,pr_auc_score,optical_digits,0.964 ± 0.0078
class_weights,pr_auc_score,ozone_level,0.455 ± 0.0549
class_weights,pr_auc_score,page_blocks,0.892 ± 0.0238
class_weights,pr_auc_score,pc1,0.402 ± 0.1062
class_weights,pr_auc_score,pen_digits,0.974 ± 0.0056
class_weights,pr_auc_score,pie_chart,0.347 ± 0.0469
class_weights,pr_auc_score,satellite,0.791 ± 0.0782
class_weights,pr_auc_score,satimage,0.688 ± 0.02
class_weights,pr_auc_score,seismic_bumps,0.179 ± 0.0234
class_weights,pr_auc_score,sick_euthyroid,0.85 ± 0.0387
class_weights,pr_auc_score,solar_flare,0.17 ± 0.0633
class_weights,pr_auc_score,thoracic_surgery,0.899 ± 0.0057
class_weights,pr_auc_score,thyroid_disease,0.89 ± 0.0296
class_weights,pr_auc_score,us_crime,0.537 ± 0.0405
class_weights,pr_auc_score,vowel,0.98 ± 0.0103
class_weights,pr_auc_score,wilt,0.893 ± 0.0303
class_weights,pr_auc_score,wine_quality,0.352 ± 0.0442
class_weights,pr_auc_score,yeast,0.8 ± 0.0582
class_weights,precision,abalone_binarized,0.299 ± 0.0422
class_weights,precision,auction,0.799 ± 0.0181
class_weights,precision,car_eval_binarized,0.932 ± 0.0372
class_weights,precision,chess,0.877 ± 0.0771
class_weights,precision,climate_simulation_crashes,0.94 ± 0.005
class_weights,precision,club_loan,0.316 ± 0.059
class_weights,precision,coil_2000,0.215 ± 0.0332
class_weights,precision,graduation,0.155 ± 0.0543
class_weights,precision,jm1,0.451 ± 0.0124
class_weights,precision,kc1,0.481 ± 0.0266
class_weights,precision,letter_img,0.94 ± 0.0223
class_weights,precision,mammography,0.704 ± 0.0386
class_weights,precision,optical_digits,0.946 ± 0.0085
class_weights,precision,ozone_level,0.539 ± 0.0588
class_weights,precision,page_blocks,0.836 ± 0.0392
class_weights,precision,pc1,0.535 ± 0.1416
class_weights,precision,pen_digits,0.963 ± 0.0058
class_weights,precision,pie_chart,0.365 ± 0.0789
class_weights,precision,satellite,0.829 ± 0.0584
class_weights,precision,satimage,0.645 ± 0.0232
class_weights,precision,seismic_bumps,0.215 ± 0.0708
class_weights,precision,sick_euthyroid,0.839 ± 0.05
class_weights,precision,solar_flare,0.184 ± 0.0593
class_weights,precision,thoracic_surgery,0.854 ± 0.0033
class_weights,precision,thyroid_disease,0.868 ± 0.027
class_weights,precision,us_crime,0.583 ± 0.0271
class_weights,precision,vowel,0.967 ± 0.0205
class_weights,precision,wilt,0.849 ± 0.0244
class_weights,precision,wine_quality,0.495 ± 0.0599
class_weights,precision,yeast,0.756 ± 0.0508
class_weights,recall,abalone_binarized,0.291 ± 0.0228
class_weights,recall,auction,0.789 ± 0.0339
class_weights,recall,car_eval_binarized,0.94 ± 0.0522
class_weights,recall,chess,0.797 ± 0.0504
class_weights,recall,climate_simulation_crashes,0.985 ± 0.0047
class_weights,recall,club_loan,0.226 ± 0.0157
class_weights,recall,coil_2000,0.192 ± 0.0214
class_weights,recall,graduation,0.112 ± 0.0269
class_weights,recall,jm1,0.38 ± 0.03
class_weights,recall,kc1,0.377 ± 0.043
class_weights,recall,letter_img,0.908 ± 0.0348
class_weights,recall,mammography,0.609 ± 0.0715
class_weights,recall,optical_digits,0.874 ± 0.0304
class_weights,recall,ozone_level,0.317 ± 0.0771
class_weights,recall,page_blocks,0.857 ± 0.0215
class_weights,recall,pc1,0.344 ± 0.1024
class_weights,recall,pen_digits,0.939 ± 0.0044
class_weights,recall,pie_chart,0.3 ± 0.1067
class_weights,recall,satellite,0.657 ± 0.1028
class_weights,recall,satimage,0.647 ± 0.0387
class_weights,recall,seismic_bumps,0.165 ± 0.0325
class_weights,recall,sick_euthyroid,0.82 ± 0.041
class_weights,recall,solar_flare,0.209 ± 0.0597
class_weights,recall,thoracic_surgery,0.96 ± 0.0122
class_weights,recall,thyroid_disease,0.814 ± 0.048
class_weights,recall,us_crime,0.422 ± 0.0941
class_weights,recall,vowel,0.944 ± 0.0279
class_weights,recall,wilt,0.82 ± 0.0684
class_weights,recall,wine_quality,0.277 ± 0.0312
class_weights,recall,yeast,0.734 ± 0.0742
decision_threshold,accuracy,abalone_binarized,0.788 ± 0.0115
decision_threshold,accuracy,auction,0.927 ± 0.009
decision_threshold,accuracy,car_eval_binarized,0.986 ± 0.0052
decision_threshold,accuracy,chess,0.989 ± 0.0032
decision_threshold,accuracy,climate_simulation_crashes,0.925 ± 0.0045
decision_threshold,accuracy,club_loan,0.581 ± 0.0539
decision_threshold,accuracy,coil_2000,0.843 ± 0.0412
decision_threshold,accuracy,graduation,0.793 ± 0.0212
decision_threshold,accuracy,jm1,0.699 ± 0.0362
decision_threshold,accuracy,kc1,0.792 ± 0.0147
decision_threshold,accuracy,letter_img,0.994 ± 0.0005
decision_threshold,accuracy,mammography,0.984 ± 0.0021
decision_threshold,accuracy,optical_digits,0.982 ± 0.0013
decision_threshold,accuracy,ozone_level,0.926 ± 0.0048
decision_threshold,accuracy,page_blocks,0.966 ± 0.0046
decision_threshold,accuracy,pc1,0.851 ± 0.0681
decision_threshold,accuracy,pen_digits,0.989 ± 0.0009
decision_threshold,accuracy,pie_chart,0.77 ± 0.0596
decision_threshold,accuracy,satellite,0.991 ± 0.002
decision_threshold,accuracy,satimage,0.897 ± 0.0095
decision_threshold,accuracy,seismic_bumps,0.821 ± 0.0366
decision_threshold,accuracy,sick_euthyroid,0.965 ± 0.0064
decision_threshold,accuracy,solar_flare,0.845 ± 0.0783
decision_threshold,accuracy,thoracic_surgery,0.84 ± 0.0063
decision_threshold,accuracy,thyroid_disease,0.979 ± 0.005
decision_threshold,accuracy,us_crime,0.921 ± 0.0022
decision_threshold,accuracy,vowel,0.99 ± 0.0045
decision_threshold,accuracy,wilt,0.981 ± 0.0022
decision_threshold,accuracy,wine_quality,0.941 ± 0.0086
decision_threshold,accuracy,yeast,0.94 ± 0.0076
decision_threshold,auc_score,abalone_binarized,0.81 ± 0.0188
decision_threshold,auc_score,auction,0.94 ± 0.0059
decision_threshold,auc_score,car_eval_binarized,0.993 ± 0.007
decision_threshold,auc_score,chess,0.987 ± 0.002
decision_threshold,auc_score,climate_simulation_crashes,0.89 ± 0.0283
decision_threshold,auc_score,club_loan,0.634 ± 0.0099
decision_threshold,auc_score,coil_2000,0.691 ± 0.0159
decision_threshold,auc_score,graduation,0.642 ± 0.0259
decision_threshold,auc_score,jm1,0.707 ± 0.0139
decision_threshold,auc_score,kc1,0.764 ± 0.0211
decision_threshold,auc_score,letter_img,0.994 ± 0.0012
decision_threshold,auc_score,mammography,0.91 ± 0.0176
decision_threshold,auc_score,optical_digits,0.985 ± 0.0028
decision_threshold,auc_score,ozone_level,0.874 ± 0.0236
decision_threshold,auc_score,page_blocks,0.976 ± 0.0048
decision_threshold,auc_score,pc1,0.817 ± 0.0411
decision_threshold,auc_score,pen_digits,0.993 ± 0.0013
decision_threshold,auc_score,pie_chart,0.78 ± 0.0252
decision_threshold,auc_score,satellite,0.932 ± 0.0286
decision_threshold,auc_score,satimage,0.919 ± 0.0077
decision_threshold,auc_score,seismic_bumps,0.694 ± 0.0381
decision_threshold,auc_score,sick_euthyroid,0.969 ± 0.0077
decision_threshold,auc_score,solar_flare,0.72 ± 0.0695
decision_threshold,auc_score,thoracic_surgery,0.611 ± 0.0171
decision_threshold,auc_score,thyroid_disease,0.981 ± 0.0076
decision_threshold,auc_score,us_crime,0.885 ± 0.0254
decision_threshold,auc_score,vowel,0.993 ± 0.0057
decision_threshold,auc_score,wilt,0.979 ± 0.0086
decision_threshold,auc_score,wine_quality,0.828 ± 0.0192
decision_threshold,auc_score,yeast,0.953 ± 0.016
decision_threshold,f1_score,abalone_binarized,0.361 ± 0.0176
decision_threshold,f1_score,auction,0.765 ± 0.0123
decision_threshold,f1_score,car_eval_binarized,0.918 ± 0.0273
decision_threshold,f1_score,chess,0.845 ± 0.0418
decision_threshold,f1_score,climate_simulation_crashes,0.96 ± 0.0025
decision_threshold,f1_score,club_loan,0.307 ± 0.0097
decision_threshold,f1_score,coil_2000,0.182 ± 0.0091
decision_threshold,f1_score,graduation,0.147 ± 0.0348
decision_threshold,f1_score,jm1,0.417 ± 0.0127
decision_threshold,f1_score,kc1,0.429 ± 0.0272
decision_threshold,f1_score,letter_img,0.922 ± 0.0111
decision_threshold,f1_score,mammography,0.65 ± 0.06
decision_threshold,f1_score,optical_digits,0.91 ± 0.0104
decision_threshold,f1_score,ozone_level,0.45 ± 0.0503
decision_threshold,f1_score,page_blocks,0.838 ± 0.0148
decision_threshold,f1_score,pc1,0.375 ± 0.0719
decision_threshold,f1_score,pen_digits,0.945 ± 0.0036
decision_threshold,f1_score,pie_chart,0.369 ± 0.0305
decision_threshold,f1_score,satellite,0.699 ± 0.0586
decision_threshold,f1_score,satimage,0.616 ± 0.0178
decision_threshold,f1_score,seismic_bumps,0.225 ± 0.0226
decision_threshold,f1_score,sick_euthyroid,0.821 ± 0.0282
decision_threshold,f1_score,solar_flare,0.184 ± 0.0512
decision_threshold,f1_score,thoracic_surgery,0.912 ± 0.0039
decision_threshold,f1_score,thyroid_disease,0.835 ± 0.0402
decision_threshold,f1_score,us_crime,0.495 ± 0.0495
decision_threshold,f1_score,vowel,0.946 ± 0.0243
decision_threshold,f1_score,wilt,0.83 ± 0.0203
decision_threshold,f1_score,wine_quality,0.365 ± 0.0293
decision_threshold,f1_score,yeast,0.741 ± 0.031
decision_threshold,f2_score,abalone_binarized,0.483 ± 0.0308
decision_threshold,f2_score,auction,0.794 ± 0.0228
decision_threshold,f2_score,car_eval_binarized,0.943 ± 0.028
decision_threshold,f2_score,chess,0.847 ± 0.0471
decision_threshold,f2_score,climate_simulation_crashes,0.978 ± 0.0032
decision_threshold,f2_score,club_loan,0.421 ± 0.0221
decision_threshold,f2_score,coil_2000,0.225 ± 0.0141
decision_threshold,f2_score,graduation,0.178 ± 0.0501
decision_threshold,f2_score,jm1,0.482 ± 0.0412
decision_threshold,f2_score,kc1,0.464 ± 0.0349
decision_threshold,f2_score,letter_img,0.921 ± 0.0202
decision_threshold,f2_score,mammography,0.653 ± 0.0779
decision_threshold,f2_score,optical_digits,0.91 ± 0.0252
decision_threshold,f2_score,ozone_level,0.465 ± 0.0616
decision_threshold,f2_score,page_blocks,0.845 ± 0.0111
decision_threshold,f2_score,pc1,0.41 ± 0.0659
decision_threshold,f2_score,pen_digits,0.951 ± 0.0031
decision_threshold,f2_score,pie_chart,0.448 ± 0.0666
decision_threshold,f2_score,satellite,0.709 ± 0.0716
decision_threshold,f2_score,satimage,0.65 ± 0.0262
decision_threshold,f2_score,seismic_bumps,0.273 ± 0.038
decision_threshold,f2_score,sick_euthyroid,0.841 ± 0.0278
decision_threshold,f2_score,solar_flare,0.245 ± 0.0994
decision_threshold,f2_score,thoracic_surgery,0.953 ± 0.005
decision_threshold,f2_score,thyroid_disease,0.846 ± 0.0485
decision_threshold,f2_score,us_crime,0.507 ± 0.0825
decision_threshold,f2_score,vowel,0.953 ± 0.0238
decision_threshold,f2_score,wilt,0.847 ± 0.0382
decision_threshold,f2_score,wine_quality,0.399 ± 0.0191
decision_threshold,f2_score,yeast,0.768 ± 0.0396
decision_threshold,pr_auc_score,abalone_binarized,0.282 ± 0.0281
decision_threshold,pr_auc_score,auction,0.802 ± 0.0171
decision_threshold,pr_auc_score,car_eval_binarized,0.978 ± 0.0108
decision_threshold,pr_auc_score,chess,0.924 ± 0.0334
decision_threshold,pr_auc_score,climate_simulation_crashes,0.988 ± 0.0054
decision_threshold,pr_auc_score,club_loan,0.261 ± 0.007
decision_threshold,pr_auc_score,coil_2000,0.144 ± 0.0121
decision_threshold,pr_auc_score,graduation,0.156 ± 0.0306
decision_threshold,pr_auc_score,jm1,0.413 ± 0.0196
decision_threshold,pr_auc_score,kc1,0.451 ± 0.0258
decision_threshold,pr_auc_score,letter_img,0.964 ± 0.0078
decision_threshold,pr_auc_score,mammography,0.683 ± 0.067
decision_threshold,pr_auc_score,optical_digits,0.96 ± 0.0081
decision_threshold,pr_auc_score,ozone_level,0.462 ± 0.0641
decision_threshold,pr_auc_score,page_blocks,0.895 ± 0.0229
decision_threshold,pr_auc_score,pc1,0.417 ± 0.0968
decision_threshold,pr_auc_score,pen_digits,0.973 ± 0.005
decision_threshold,pr_auc_score,pie_chart,0.343 ± 0.0407
decision_threshold,pr_auc_score,satellite,0.776 ± 0.081
decision_threshold,pr_auc_score,satimage,0.689 ± 0.025
decision_threshold,pr_auc_score,seismic_bumps,0.182 ± 0.0257
decision_threshold,pr_auc_score,sick_euthyroid,0.846 ± 0.0397
decision_threshold,pr_auc_score,solar_flare,0.178 ± 0.0685
decision_threshold,pr_auc_score,thoracic_surgery,0.898 ± 0.0052
decision_threshold,pr_auc_score,thyroid_disease,0.886 ± 0.0323
decision_threshold,pr_auc_score,us_crime,0.551 ± 0.0574
decision_threshold,pr_auc_score,vowel,0.98 ± 0.0113
decision_threshold,pr_auc_score,wilt,0.892 ± 0.031
decision_threshold,pr_auc_score,wine_quality,0.349 ± 0.041
decision_threshold,pr_auc_score,yeast,0.8 ± 0.0591
decision_threshold,precision,abalone_binarized,0.26 ± 0.0124
decision_threshold,precision,auction,0.748 ± 0.0124
decision_threshold,precision,car_eval_binarized,0.886 ± 0.0627
decision_threshold,precision,chess,0.856 ± 0.0673
decision_threshold,precision,climate_simulation_crashes,0.932 ± 0.0021
decision_threshold,precision,club_loan,0.221 ± 0.0058
decision_threshold,precision,coil_2000,0.152 ± 0.0149
decision_threshold,precision,graduation,0.169 ± 0.0533
decision_threshold,precision,jm1,0.362 ± 0.019
decision_threshold,precision,kc1,0.407 ± 0.0292
decision_threshold,precision,letter_img,0.928 ± 0.0112
decision_threshold,precision,mammography,0.665 ± 0.0351
decision_threshold,precision,optical_digits,0.917 ± 0.0247
decision_threshold,precision,ozone_level,0.462 ± 0.0533
decision_threshold,precision,page_blocks,0.832 ± 0.0454
decision_threshold,precision,pc1,0.413 ± 0.206
decision_threshold,precision,pen_digits,0.939 ± 0.0099
decision_threshold,precision,pie_chart,0.309 ± 0.0352
decision_threshold,precision,satellite,0.705 ± 0.0846
decision_threshold,precision,satimage,0.592 ± 0.0382
decision_threshold,precision,seismic_bumps,0.201 ± 0.0196
decision_threshold,precision,sick_euthyroid,0.794 ± 0.049
decision_threshold,precision,solar_flare,0.141 ± 0.0256
decision_threshold,precision,thoracic_surgery,0.853 ± 0.0029
decision_threshold,precision,thyroid_disease,0.825 ± 0.0274
decision_threshold,precision,us_crime,0.512 ± 0.0171
decision_threshold,precision,vowel,0.937 ± 0.0252
decision_threshold,precision,wilt,0.81 ± 0.0386
decision_threshold,precision,wine_quality,0.345 ± 0.0456
decision_threshold,precision,yeast,0.71 ± 0.0416
decision_threshold,recall,abalone_binarized,0.645 ± 0.0563
decision_threshold,recall,auction,0.828 ± 0.0369
decision_threshold,recall,car_eval_binarized,0.963 ± 0.0432
decision_threshold,recall,chess,0.851 ± 0.0582
decision_threshold,recall,climate_simulation_crashes,0.99 ± 0.0038
decision_threshold,recall,club_loan,0.592 ± 0.0755
decision_threshold,recall,coil_2000,0.295 ± 0.0544
decision_threshold,recall,graduation,0.261 ± 0.0711
decision_threshold,recall,jm1,0.558 ± 0.0807
decision_threshold,recall,kc1,0.508 ± 0.0466
decision_threshold,recall,letter_img,0.921 ± 0.0268
decision_threshold,recall,mammography,0.658 ± 0.0888
decision_threshold,recall,optical_digits,0.912 ± 0.0361
decision_threshold,recall,ozone_level,0.486 ± 0.0745
decision_threshold,recall,page_blocks,0.851 ± 0.0243
decision_threshold,recall,pc1,0.498 ± 0.1222
decision_threshold,recall,pen_digits,0.955 ± 0.0052
decision_threshold,recall,pie_chart,0.554 ± 0.138
decision_threshold,recall,satellite,0.724 ± 0.094
decision_threshold,recall,satimage,0.699 ± 0.039
decision_threshold,recall,seismic_bumps,0.366 ± 0.0703
decision_threshold,recall,sick_euthyroid,0.857 ± 0.0364
decision_threshold,recall,solar_flare,0.362 ± 0.2184
decision_threshold,recall,thoracic_surgery,0.982 ± 0.0058
decision_threshold,recall,thyroid_disease,0.856 ± 0.0542
decision_threshold,recall,us_crime,0.525 ± 0.1077
decision_threshold,recall,vowel,0.959 ± 0.0235
decision_threshold,recall,wilt,0.861 ± 0.0556
decision_threshold,recall,wine_quality,0.44 ± 0.0077
decision_threshold,recall,yeast,0.789 ± 0.048
smote,accuracy,abalone_binarized,0.814 ± 0.0033
smote,accuracy,auction,0.923 ± 0.0045
smote,accuracy,car_eval_binarized,0.987 ± 0.004
smote,accuracy,chess,0.989 ± 0.0033
smote,accuracy,climate_simulation_crashes,0.924 ± 0.0104
smote,accuracy,club_loan,0.734 ± 0.0161
smote,accuracy,coil_2000,0.875 ± 0.0026
smote,accuracy,graduation,0.793 ± 0.0096
smote,accuracy,jm1,0.754 ± 0.0077
smote,accuracy,kc1,0.796 ± 0.0104
smote,accuracy,letter_img,0.988 ± 0.0006
smote,accuracy,mammography,0.967 ± 0.003
smote,accuracy,optical_digits,0.982 ± 0.0035
smote,accuracy,ozone_level,0.911 ± 0.0039
smote,accuracy,page_blocks,0.959 ± 0.0071
smote,accuracy,pc1,0.877 ± 0.0183
smote,accuracy,pen_digits,0.986 ± 0.0009
smote,accuracy,pie_chart,0.816 ± 0.0212
smote,accuracy,satellite,0.99 ± 0.0019
smote,accuracy,satimage,0.894 ± 0.0055
smote,accuracy,seismic_bumps,0.851 ± 0.0153
smote,accuracy,sick_euthyroid,0.957 ± 0.0049
smote,accuracy,solar_flare,0.879 ± 0.0155
smote,accuracy,thoracic_surgery,0.761 ± 0.0239
smote,accuracy,thyroid_disease,0.976 ± 0.003
smote,accuracy,us_crime,0.909 ± 0.0068
smote,accuracy,vowel,0.988 ± 0.0049
smote,accuracy,wilt,0.976 ± 0.0054
smote,accuracy,wine_quality,0.916 ± 0.0077
smote,accuracy,yeast,0.94 ± 0.0113
smote,auc_score,abalone_binarized,0.816 ± 0.0119
smote,auc_score,auction,0.944 ± 0.008
smote,auc_score,car_eval_binarized,0.994 ± 0.0039
smote,auc_score,chess,0.995 ± 0.0014
smote,auc_score,climate_simulation_crashes,0.905 ± 0.0318
smote,auc_score,club_loan,0.621 ± 0.0108
smote,auc_score,coil_2000,0.683 ± 0.0211
smote,auc_score,graduation,0.661 ± 0.0183
smote,auc_score,jm1,0.716 ± 0.0139
smote,auc_score,kc1,0.78 ± 0.0216
smote,auc_score,letter_img,0.994 ± 0.0008
smote,auc_score,mammography,0.918 ± 0.0141
smote,auc_score,optical_digits,0.987 ± 0.004
smote,auc_score,ozone_level,0.88 ± 0.0283
smote,auc_score,page_blocks,0.978 ± 0.0053
smote,auc_score,pc1,0.842 ± 0.0361
smote,auc_score,pen_digits,0.994 ± 0.0013
smote,auc_score,pie_chart,0.795 ± 0.0236
smote,auc_score,satellite,0.946 ± 0.0304
smote,auc_score,satimage,0.924 ± 0.0059
smote,auc_score,seismic_bumps,0.682 ± 0.037
smote,auc_score,sick_euthyroid,0.97 ± 0.0065
smote,auc_score,solar_flare,0.712 ± 0.0651
smote,auc_score,thoracic_surgery,0.606 ± 0.0341
smote,auc_score,thyroid_disease,0.983 ± 0.0049
smote,auc_score,us_crime,0.883 ± 0.0232
smote,auc_score,vowel,0.994 ± 0.0041
smote,auc_score,wilt,0.982 ± 0.0062
smote,auc_score,wine_quality,0.828 ± 0.0284
smote,auc_score,yeast,0.958 ± 0.0167
smote,f1_score,abalone_binarized,0.349 ± 0.0175
smote,f1_score,auction,0.78 ± 0.0138
smote,f1_score,car_eval_binarized,0.919 ± 0.029
smote,f1_score,chess,0.877 ± 0.0354
smote,f1_score,climate_simulation_crashes,0.958 ± 0.006
smote,f1_score,club_loan,0.249 ± 0.0052
smote,f1_score,coil_2000,0.145 ± 0.0146
smote,f1_score,graduation,0.178 ± 0.0305
smote,f1_score,jm1,0.408 ± 0.0185
smote,f1_score,kc1,0.435 ± 0.0319
smote,f1_score,letter_img,0.886 ± 0.0067
smote,f1_score,mammography,0.574 ± 0.0324
smote,f1_score,optical_digits,0.912 ± 0.0184
smote,f1_score,ozone_level,0.432 ± 0.0364
smote,f1_score,page_blocks,0.824 ± 0.0246
smote,f1_score,pc1,0.401 ± 0.0761
smote,f1_score,pen_digits,0.939 ± 0.0036
smote,f1_score,pie_chart,0.378 ± 0.0555
smote,f1_score,satellite,0.684 ± 0.0544
smote,f1_score,satimage,0.617 ± 0.017
smote,f1_score,seismic_bumps,0.207 ± 0.0238
smote,f1_score,sick_euthyroid,0.8 ± 0.0178
smote,f1_score,solar_flare,0.17 ± 0.0518
smote,f1_score,thoracic_surgery,0.857 ± 0.0171
smote,f1_score,thyroid_disease,0.828 ± 0.0229
smote,f1_score,us_crime,0.488 ± 0.0391
smote,f1_score,vowel,0.942 ± 0.023
smote,f1_score,wilt,0.815 ± 0.028
smote,f1_score,wine_quality,0.324 ± 0.0483
smote,f1_score,yeast,0.75 ± 0.0416
smote,f2_score,abalone_binarized,0.436 ± 0.0234
smote,f2_score,auction,0.808 ± 0.0195
smote,f2_score,car_eval_binarized,0.934 ± 0.0469
smote,f2_score,chess,0.932 ± 0.0102
smote,f2_score,climate_simulation_crashes,0.961 ± 0.0102
smote,f2_score,club_loan,0.269 ± 0.0117
smote,f2_score,coil_2000,0.161 ± 0.0148
smote,f2_score,graduation,0.227 ± 0.0359
smote,f2_score,jm1,0.425 ± 0.0197
smote,f2_score,kc1,0.467 ± 0.0403
smote,f2_score,letter_img,0.915 ± 0.0092
smote,f2_score,mammography,0.644 ± 0.0375
smote,f2_score,optical_digits,0.909 ± 0.0229
smote,f2_score,ozone_level,0.473 ± 0.0595
smote,f2_score,page_blocks,0.864 ± 0.014
smote,f2_score,pc1,0.463 ± 0.0725
smote,f2_score,pen_digits,0.955 ± 0.0038
smote,f2_score,pie_chart,0.425 ± 0.0879
smote,f2_score,satellite,0.693 ± 0.0628
smote,f2_score,satimage,0.665 ± 0.0278
smote,f2_score,seismic_bumps,0.249 ± 0.0231
smote,f2_score,sick_euthyroid,0.841 ± 0.0231
smote,f2_score,solar_flare,0.207 ± 0.0629
smote,f2_score,thoracic_surgery,0.856 ± 0.0286
smote,f2_score,thyroid_disease,0.859 ± 0.0302
smote,f2_score,us_crime,0.526 ± 0.0596
smote,f2_score,vowel,0.961 ± 0.0183
smote,f2_score,wilt,0.868 ± 0.0192
smote,f2_score,wine_quality,0.373 ± 0.0578
smote,f2_score,yeast,0.788 ± 0.0493
smote,pr_auc_score,abalone_binarized,0.295 ± 0.0174
smote,pr_auc_score,auction,0.808 ± 0.0175
smote,pr_auc_score,car_eval_binarized,0.978 ± 0.008
smote,pr_auc_score,chess,0.917 ± 0.0624
smote,pr_auc_score,climate_simulation_crashes,0.99 ± 0.0058
smote,pr_auc_score,club_loan,0.242 ± 0.0044
smote,pr_auc_score,coil_2000,0.136 ± 0.0095
smote,pr_auc_score,graduation,0.159 ± 0.0187
smote,pr_auc_score,jm1,0.413 ± 0.0202
smote,pr_auc_score,kc1,0.444 ± 0.0374
smote,pr_auc_score,letter_img,0.958 ± 0.0067
smote,pr_auc_score,mammography,0.67 ± 0.0603
smote,pr_auc_score,optical_digits,0.961 ± 0.0104
smote,pr_auc_score,ozone_level,0.445 ± 0.0515
smote,pr_auc_score,page_blocks,0.887 ± 0.0257
smote,pr_auc_score,pc1,0.409 ± 0.0914
smote,pr_auc_score,pen_digits,0.97 ± 0.0053
smote,pr_auc_score,pie_chart,0.358 ± 0.031
smote,pr_auc_score,satellite,0.774 ± 0.0597
smote,pr_auc_score,satimage,0.689 ± 0.0146
smote,pr_auc_score,seismic_bumps,0.177 ± 0.0272
smote,pr_auc_score,sick_euthyroid,0.848 ± 0.033
smote,pr_auc_score,solar_flare,0.154 ± 0.0479
smote,pr_auc_score,thoracic_surgery,0.899 ± 0.0129
smote,pr_auc_score,thyroid_disease,0.882 ± 0.0323
smote,pr_auc_score,us_crime,0.498 ± 0.0399
smote,pr_auc_score,vowel,0.978 ± 0.0131
smote,pr_auc_score,wilt,0.888 ± 0.0235
smote,pr_auc_score,wine_quality,0.317 ± 0.0528
smote,pr_auc_score,yeast,0.805 ± 0.0596
smote,precision,abalone_binarized,0.274 ± 0.0119
smote,precision,auction,0.761 ± 0.0089
smote,precision,car_eval_binarized,0.907 ± 0.0357
smote,precision,chess,0.808 ± 0.0705
smote,precision,climate_simulation_crashes,0.956 ± 0.003
smote,precision,club_loan,0.252 ± 0.0071
smote,precision,coil_2000,0.167 ± 0.0225
smote,precision,graduation,0.146 ± 0.0254
smote,precision,jm1,0.406 ± 0.0179
smote,precision,kc1,0.413 ± 0.0353
smote,precision,letter_img,0.863 ± 0.01
smote,precision,mammography,0.514 ± 0.0475
smote,precision,optical_digits,0.92 ± 0.0104
smote,precision,ozone_level,0.406 ± 0.018
smote,precision,page_blocks,0.77 ± 0.0473
smote,precision,pc1,0.358 ± 0.0835
smote,precision,pen_digits,0.919 ± 0.0036
smote,precision,pie_chart,0.343 ± 0.0358
smote,precision,satellite,0.701 ± 0.0781
smote,precision,satimage,0.577 ± 0.0295
smote,precision,seismic_bumps,0.172 ± 0.0231
smote,precision,sick_euthyroid,0.751 ± 0.0469
smote,precision,solar_flare,0.148 ± 0.0567
smote,precision,thoracic_surgery,0.862 ± 0.0083
smote,precision,thyroid_disease,0.791 ± 0.0188
smote,precision,us_crime,0.452 ± 0.0323
smote,precision,vowel,0.914 ± 0.0338
smote,precision,wilt,0.75 ± 0.0591
smote,precision,wine_quality,0.295 ± 0.0392
smote,precision,yeast,0.703 ± 0.0558
smote,recall,abalone_binarized,0.549 ± 0.0303
smote,recall,auction,0.841 ± 0.0244
smote,recall,car_eval_binarized,0.947 ± 0.0602
smote,recall,chess,0.977 ± 0.0142
smote,recall,climate_simulation_crashes,0.962 ± 0.0132
smote,recall,club_loan,0.299 ± 0.0256
smote,recall,coil_2000,0.204 ± 0.0184
smote,recall,graduation,0.299 ± 0.0405
smote,recall,jm1,0.447 ± 0.0225
smote,recall,kc1,0.507 ± 0.0525
smote,recall,letter_img,0.95 ± 0.0135
smote,recall,mammography,0.743 ± 0.0565
smote,recall,optical_digits,0.909 ± 0.0258
smote,recall,ozone_level,0.523 ± 0.0847
smote,recall,page_blocks,0.897 ± 0.0205
smote,recall,pc1,0.549 ± 0.0677
smote,recall,pen_digits,0.969 ± 0.004
smote,recall,pie_chart,0.477 ± 0.1274
smote,recall,satellite,0.709 ± 0.0786
smote,recall,satimage,0.728 ± 0.0414
smote,recall,seismic_bumps,0.306 ± 0.0218
smote,recall,sick_euthyroid,0.876 ± 0.0395
smote,recall,solar_flare,0.27 ± 0.0881
smote,recall,thoracic_surgery,0.856 ± 0.0363
smote,recall,thyroid_disease,0.887 ± 0.0362
smote,recall,us_crime,0.565 ± 0.0814
smote,recall,vowel,0.977 ± 0.0188
smote,recall,wilt,0.914 ± 0.0398
smote,recall,wine_quality,0.458 ± 0.0672
smote,recall,yeast,0.82 ± 0.0627
