algorithm,dataset,accuracy,f1_score,precision,recall,auc_score,perc_pred_missing,model_category,scenario
rt_bin_class_adaboost_sklearn,auction,0.8264,0.5535,0.4231,0.8,0.9122,0,binary_classification,no-smote
rt_bin_class_adaboost_sklearn,banknote_authentication,0.9636,0.9609,0.9535,0.9685,0.9954,0,binary_classification,no-smote
rt_bin_class_adaboost_sklearn,blood_transfusion,0.68,0.5102,0.4098,0.6757,0.7131,0,binary_classification,no-smote
rt_bin_class_adaboost_sklearn,breast_cancer,0.9649,0.9524,0.9756,0.9302,0.9931,0,binary_classification,no-smote
rt_bin_class_adaboost_sklearn,climate_simulation_crashes,0.9167,0.9529,0.9785,0.9286,0.9694,0,binary_classification,no-smote
rt_bin_class_adaboost_sklearn,concentric_spheres,0.94,0.9345,0.9772,0.8955,0.9864,0,binary_classification,no-smote
rt_bin_class_adaboost_sklearn,coupon_recommendations,0.6535,0.6741,0.7057,0.6451,0.71,0,binary_classification,no-smote
rt_bin_class_adaboost_sklearn,credit_approval,0.8333,0.8244,0.8571,0.7941,0.9079,0,binary_classification,no-smote
rt_bin_class_adaboost_sklearn,cylinder_bands,0.7963,0.8333,0.7639,0.9167,0.8642,0,binary_classification,no-smote
rt_bin_class_adaboost_sklearn,eeg_eye_state,0.7119,0.6975,0.6895,0.7057,0.7738,0,binary_classification,no-smote
rt_bin_class_adaboost_sklearn,electrical_grid,0.8135,0.8512,0.8892,0.8164,0.9092,0,binary_classification,no-smote
rt_bin_class_adaboost_sklearn,employee_attrition,0.913,0.8362,0.7508,0.9433,0.9693,0,binary_classification,no-smote
rt_bin_class_adaboost_sklearn,image_segmentation,0.9957,0.9825,0.9825,0.9825,0.9971,0,binary_classification,no-smote
rt_bin_class_adaboost_sklearn,mushroom,0.9871,0.9864,1,0.9731,0.9997,0,binary_classification,no-smote
rt_bin_class_adaboost_sklearn,nba,0.695,0.7393,0.8,0.6871,0.733,0,binary_classification,no-smote
rt_bin_class_adaboost_sklearn,online_shopping,0.8731,0.6783,0.5872,0.8029,0.9203,0,binary_classification,no-smote
rt_bin_class_adaboost_sklearn,ozone_level,0.8028,0.2857,0.1869,0.6061,0.8327,0,binary_classification,no-smote
rt_bin_class_adaboost_sklearn,pc2,0.9428,0.0588,0.0312,0.5,0.9394,0,binary_classification,no-smote
rt_bin_class_adaboost_sklearn,phishing_websites,0.9263,0.9357,0.9266,0.945,0.982,0,binary_classification,no-smote
rt_bin_class_adaboost_sklearn,qsar_biodegradation,0.8389,0.7952,0.7253,0.88,0.9238,0,binary_classification,no-smote
rt_bin_class_adaboost_sklearn,satellite,0.9833,0.6383,0.5172,0.8333,0.9825,0,binary_classification,no-smote
rt_bin_class_adaboost_sklearn,seismic_bumps,0.7737,0.2642,0.1721,0.5676,0.7528,0,binary_classification,no-smote
rt_bin_class_adaboost_sklearn,spambase,0.9381,0.9261,0.937,0.9154,0.9802,0,binary_classification,no-smote
rt_bin_class_adaboost_sklearn,spiral,0.7,0.6809,0.6667,0.6957,0.7617,0,binary_classification,no-smote
rt_bin_class_adaboost_sklearn,telco_churn,0.7452,0.6392,0.5113,0.8525,0.86,0,binary_classification,no-smote
rt_bin_class_adaboost_sklearn,thoracic_surgery,0.617,0.7568,0.7671,0.7467,0.4958,0,binary_classification,no-smote
rt_bin_class_adaboost_sklearn,thyroid_disease,0.9762,0.7955,0.7,0.9211,0.9922,0,binary_classification,no-smote
rt_bin_class_adaboost_sklearn,titanic,0.771,0.7345,0.7685,0.7034,0.8538,0,binary_classification,no-smote
rt_bin_class_adaboost_sklearn,wilt,0.9039,0.4918,0.3409,0.8824,0.9686,0,binary_classification,no-smote
rt_bin_class_adaboost_sklearn,xor,0.4808,0.4362,0.483,0.3977,0.4988,0,binary_classification,no-smote
rt_bin_class_adaboost_sklearn,auction,0.8264,0.5535,0.4231,0.8,0.9122,0,binary_classification,smote
rt_bin_class_adaboost_sklearn,banknote_authentication,0.9636,0.9609,0.9535,0.9685,0.9954,0,binary_classification,smote
rt_bin_class_adaboost_sklearn,blood_transfusion,0.68,0.5102,0.4098,0.6757,0.7131,0,binary_classification,smote
rt_bin_class_adaboost_sklearn,breast_cancer,0.9649,0.9524,0.9756,0.9302,0.9928,0,binary_classification,smote
rt_bin_class_adaboost_sklearn,climate_simulation_crashes,0.9167,0.9529,0.9785,0.9286,0.9694,0,binary_classification,smote
rt_bin_class_adaboost_sklearn,concentric_spheres,0.94,0.9345,0.9772,0.8955,0.9864,0,binary_classification,smote
rt_bin_class_adaboost_sklearn,coupon_recommendations,0.6535,0.6741,0.7057,0.6451,0.71,0,binary_classification,smote
rt_bin_class_adaboost_sklearn,credit_approval,0.8333,0.8244,0.8571,0.7941,0.9079,0,binary_classification,smote
rt_bin_class_adaboost_sklearn,cylinder_bands,0.7963,0.8333,0.7639,0.9167,0.8642,0,binary_classification,smote
rt_bin_class_adaboost_sklearn,eeg_eye_state,0.7119,0.6975,0.6895,0.7057,0.7738,0,binary_classification,smote
rt_bin_class_adaboost_sklearn,electrical_grid,0.8135,0.8513,0.8885,0.8171,0.9092,0,binary_classification,smote
rt_bin_class_adaboost_sklearn,employee_attrition,0.913,0.8362,0.7508,0.9433,0.9693,0,binary_classification,smote
rt_bin_class_adaboost_sklearn,image_segmentation,0.9957,0.9825,0.9825,0.9825,0.9971,0,binary_classification,smote
rt_bin_class_adaboost_sklearn,mushroom,0.9871,0.9864,1,0.9731,0.9997,0,binary_classification,smote
rt_bin_class_adaboost_sklearn,nba,0.6834,0.7285,0.7914,0.6748,0.7269,0,binary_classification,smote
rt_bin_class_adaboost_sklearn,online_shopping,0.8731,0.6783,0.5872,0.8029,0.9203,0,binary_classification,smote
rt_bin_class_adaboost_sklearn,ozone_level,0.8107,0.3043,0.2,0.6364,0.8349,0,binary_classification,smote
rt_bin_class_adaboost_sklearn,pc2,0.9428,0.0588,0.0312,0.5,0.9394,0,binary_classification,smote
rt_bin_class_adaboost_sklearn,phishing_websites,0.9263,0.9357,0.9266,0.945,0.982,0,binary_classification,smote
rt_bin_class_adaboost_sklearn,qsar_biodegradation,0.8389,0.7952,0.7253,0.88,0.9238,0,binary_classification,smote
rt_bin_class_adaboost_sklearn,satellite,0.9833,0.6383,0.5172,0.8333,0.9825,0,binary_classification,smote
rt_bin_class_adaboost_sklearn,seismic_bumps,0.7737,0.2642,0.1721,0.5676,0.7528,0,binary_classification,smote
rt_bin_class_adaboost_sklearn,spambase,0.9381,0.9261,0.937,0.9154,0.9802,0,binary_classification,smote
rt_bin_class_adaboost_sklearn,spiral,0.7,0.6809,0.6667,0.6957,0.7617,0,binary_classification,smote
rt_bin_class_adaboost_sklearn,telco_churn,0.7452,0.6392,0.5113,0.8525,0.86,0,binary_classification,smote
rt_bin_class_adaboost_sklearn,thoracic_surgery,0.617,0.7568,0.7671,0.7467,0.4958,0,binary_classification,smote
rt_bin_class_adaboost_sklearn,thyroid_disease,0.9762,0.7955,0.7,0.9211,0.9922,0,binary_classification,smote
rt_bin_class_adaboost_sklearn,titanic,0.771,0.7345,0.7685,0.7034,0.8538,0,binary_classification,smote
rt_bin_class_adaboost_sklearn,wilt,0.9039,0.4918,0.3409,0.8824,0.9686,0,binary_classification,smote
rt_bin_class_adaboost_sklearn,xor,0.4808,0.4362,0.483,0.3977,0.4988,0,binary_classification,smote
rt_bin_class_catboost,auction,0.9927,0.972,1,0.9455,0.9956,0,binary_classification,no-smote
rt_bin_class_catboost,banknote_authentication,0.9964,0.996,1,0.9921,0.9999,0,binary_classification,no-smote
rt_bin_class_catboost,blood_transfusion,0.78,0.4,0.6111,0.2973,0.7057,0,binary_classification,no-smote
rt_bin_class_catboost,breast_cancer,0.9737,0.9647,0.9762,0.9535,0.9948,0,binary_classification,no-smote
rt_bin_class_catboost,climate_simulation_crashes,0.9352,0.9655,0.9333,1,0.9724,0,binary_classification,no-smote
rt_bin_class_catboost,concentric_spheres,0.9483,0.9449,0.9638,0.9268,0.9903,0,binary_classification,no-smote
rt_bin_class_catboost,coupon_recommendations,0.7363,0.7786,0.7295,0.8346,0.8102,0,binary_classification,no-smote
rt_bin_class_catboost,credit_approval,0.8768,0.8759,0.8696,0.8824,0.9058,0,binary_classification,no-smote
rt_bin_class_catboost,cylinder_bands,0.8241,0.8571,0.7808,0.95,0.9042,0,binary_classification,no-smote
rt_bin_class_catboost,eeg_eye_state,0.8425,0.8213,0.8807,0.7695,0.9251,0,binary_classification,no-smote
rt_bin_class_catboost,electrical_grid,0.9255,0.9435,0.936,0.951,0.9802,0,binary_classification,no-smote
rt_bin_class_catboost,employee_attrition,0.9727,0.9399,0.9742,0.9079,0.9863,0,binary_classification,no-smote
rt_bin_class_catboost,image_segmentation,0.9957,0.9821,1,0.9649,0.9998,0,binary_classification,no-smote
rt_bin_class_catboost,mushroom,1,1,1,1,1,0,binary_classification,no-smote
rt_bin_class_catboost,nba,0.7259,0.7881,0.7674,0.8098,0.7632,0,binary_classification,no-smote
rt_bin_class_catboost,online_shopping,0.8917,0.6337,0.7264,0.562,0.9283,0,binary_classification,no-smote
rt_bin_class_catboost,ozone_level,0.9349,0.2326,0.5,0.1515,0.9152,0,binary_classification,no-smote
rt_bin_class_catboost,pc2,0.9955,0,0,0,0.8086,0,binary_classification,no-smote
rt_bin_class_catboost,phishing_websites,0.9597,0.9649,0.9548,0.9753,0.9941,0,binary_classification,no-smote
rt_bin_class_catboost,qsar_biodegradation,0.8863,0.8442,0.8228,0.8667,0.9372,0,binary_classification,no-smote
rt_bin_class_catboost,satellite,0.9951,0.8387,1,0.7222,0.9931,0,binary_classification,no-smote
rt_bin_class_catboost,seismic_bumps,0.9304,0.0526,1,0.027,0.7805,0,binary_classification,no-smote
rt_bin_class_catboost,spambase,0.9587,0.9503,0.9706,0.9308,0.9889,0,binary_classification,no-smote
rt_bin_class_catboost,spiral,0.82,0.8163,0.7692,0.8696,0.942,0,binary_classification,no-smote
rt_bin_class_catboost,telco_churn,0.8041,0.5941,0.658,0.5416,0.8617,0,binary_classification,no-smote
rt_bin_class_catboost,thoracic_surgery,0.8085,0.8929,0.8065,1,0.4653,0,binary_classification,no-smote
rt_bin_class_catboost,thyroid_disease,0.9907,0.9067,0.9189,0.8947,0.998,0,binary_classification,no-smote
rt_bin_class_catboost,titanic,0.771,0.697,0.8625,0.5847,0.8554,0,binary_classification,no-smote
rt_bin_class_catboost,wilt,0.9773,0.7317,0.9677,0.5882,0.9933,0,binary_classification,no-smote
rt_bin_class_catboost,xor,0.8383,0.8301,0.8843,0.7822,0.9296,0,binary_classification,no-smote
rt_bin_class_catboost,auction,0.9804,0.9298,0.8983,0.9636,0.9982,0,binary_classification,smote
rt_bin_class_catboost,banknote_authentication,0.9964,0.996,1,0.9921,1,0,binary_classification,smote
rt_bin_class_catboost,blood_transfusion,0.68,0.4419,0.3878,0.5135,0.6955,0,binary_classification,smote
rt_bin_class_catboost,breast_cancer,0.9737,0.9647,0.9762,0.9535,0.9957,0,binary_classification,smote
rt_bin_class_catboost,climate_simulation_crashes,0.9444,0.9694,0.9694,0.9694,0.9745,0,binary_classification,smote
rt_bin_class_catboost,concentric_spheres,0.9483,0.9447,0.9672,0.9233,0.9907,0,binary_classification,smote
rt_bin_class_catboost,coupon_recommendations,0.73,0.7596,0.7514,0.7679,0.8021,0,binary_classification,smote
rt_bin_class_catboost,credit_approval,0.8623,0.8593,0.8657,0.8529,0.9118,0,binary_classification,smote
rt_bin_class_catboost,cylinder_bands,0.8333,0.8636,0.7917,0.95,0.9115,0,binary_classification,smote
rt_bin_class_catboost,eeg_eye_state,0.8475,0.8353,0.8491,0.822,0.9257,0,binary_classification,smote
rt_bin_class_catboost,electrical_grid,0.9235,0.9401,0.9631,0.9181,0.9806,0,binary_classification,smote
rt_bin_class_catboost,employee_attrition,0.967,0.9296,0.933,0.9263,0.9886,0,binary_classification,smote
rt_bin_class_catboost,image_segmentation,0.9957,0.9825,0.9825,0.9825,0.9994,0,binary_classification,smote
rt_bin_class_catboost,mushroom,1,1,1,1,1,0,binary_classification,smote
rt_bin_class_catboost,nba,0.7066,0.75,0.8085,0.6994,0.7558,0,binary_classification,smote
rt_bin_class_catboost,online_shopping,0.8792,0.6711,0.6141,0.7397,0.929,0,binary_classification,smote
rt_bin_class_catboost,ozone_level,0.9152,0.3944,0.3684,0.4242,0.8914,0,binary_classification,smote
rt_bin_class_catboost,pc2,0.9937,0.2222,0.2,0.25,0.9103,0,binary_classification,smote
rt_bin_class_catboost,phishing_websites,0.9597,0.9648,0.9583,0.9713,0.9938,0,binary_classification,smote
rt_bin_class_catboost,qsar_biodegradation,0.872,0.8235,0.8077,0.84,0.9395,0,binary_classification,smote
rt_bin_class_catboost,satellite,0.9912,0.7429,0.7647,0.7222,0.9784,0,binary_classification,smote
rt_bin_class_catboost,seismic_bumps,0.8472,0.202,0.1613,0.2703,0.7035,0,binary_classification,smote
rt_bin_class_catboost,spambase,0.9577,0.9498,0.9535,0.9462,0.9885,0,binary_classification,smote
rt_bin_class_catboost,spiral,0.86,0.8511,0.8333,0.8696,0.9324,0,binary_classification,smote
rt_bin_class_catboost,telco_churn,0.7764,0.6408,0.5575,0.7534,0.8544,0,binary_classification,smote
rt_bin_class_catboost,thoracic_surgery,0.7447,0.8519,0.7931,0.92,0.4635,0,binary_classification,smote
rt_bin_class_catboost,thyroid_disease,0.9854,0.8642,0.814,0.9211,0.9976,0,binary_classification,smote
rt_bin_class_catboost,titanic,0.7863,0.7407,0.8163,0.678,0.8572,0,binary_classification,smote
rt_bin_class_catboost,wilt,0.9824,0.8468,0.7833,0.9216,0.9955,0,binary_classification,smote
rt_bin_class_catboost,xor,0.755,0.7403,0.7966,0.6914,0.8559,0,binary_classification,smote
rt_bin_class_decision_tree_sklearn,auction,1,1,1,1,1,0,binary_classification,no-smote
rt_bin_class_decision_tree_sklearn,banknote_authentication,0.9782,0.9758,1,0.9528,0.9764,0,binary_classification,no-smote
rt_bin_class_decision_tree_sklearn,blood_transfusion,0.6733,0.2462,0.2857,0.2162,0.552,0,binary_classification,no-smote
rt_bin_class_decision_tree_sklearn,breast_cancer,0.9211,0.8966,0.8864,0.907,0.9183,0,binary_classification,no-smote
rt_bin_class_decision_tree_sklearn,climate_simulation_crashes,0.9074,0.95,0.9314,0.9694,0.6347,0,binary_classification,no-smote
rt_bin_class_decision_tree_sklearn,concentric_spheres,0.9317,0.9284,0.9301,0.9268,0.9315,0,binary_classification,no-smote
rt_bin_class_decision_tree_sklearn,coupon_recommendations,0.6815,0.7151,0.7106,0.7197,0.6769,0,binary_classification,no-smote
rt_bin_class_decision_tree_sklearn,credit_approval,0.7899,0.8,0.7532,0.8529,0.7908,0,binary_classification,no-smote
rt_bin_class_decision_tree_sklearn,cylinder_bands,0.7685,0.7934,0.7869,0.8,0.7646,0,binary_classification,no-smote
rt_bin_class_decision_tree_sklearn,eeg_eye_state,0.8304,0.8163,0.8326,0.8007,0.8288,0,binary_classification,no-smote
rt_bin_class_decision_tree_sklearn,electrical_grid,0.847,0.8819,0.8901,0.8738,0.8351,0,binary_classification,no-smote
rt_bin_class_decision_tree_sklearn,employee_attrition,0.9727,0.9428,0.9286,0.9575,0.9674,0,binary_classification,no-smote
rt_bin_class_decision_tree_sklearn,image_segmentation,0.9913,0.9649,0.9649,0.9649,0.98,0,binary_classification,no-smote
rt_bin_class_decision_tree_sklearn,mushroom,1,1,1,1,1,0,binary_classification,no-smote
rt_bin_class_decision_tree_sklearn,nba,0.6293,0.7055,0.7055,0.7055,0.6028,0,binary_classification,no-smote
rt_bin_class_decision_tree_sklearn,online_shopping,0.8516,0.5379,0.5591,0.5182,0.7182,0,binary_classification,no-smote
rt_bin_class_decision_tree_sklearn,ozone_level,0.9191,0.3051,0.3462,0.2727,0.6184,0,binary_classification,no-smote
rt_bin_class_decision_tree_sklearn,pc2,0.9911,0,0,0,0.4883,0,binary_classification,no-smote
rt_bin_class_decision_tree_sklearn,phishing_websites,0.9625,0.9669,0.9666,0.9673,0.9751,0,binary_classification,no-smote
rt_bin_class_decision_tree_sklearn,qsar_biodegradation,0.7962,0.6993,0.7353,0.6667,0.7672,0,binary_classification,no-smote
rt_bin_class_decision_tree_sklearn,satellite,0.9912,0.7692,0.7143,0.8333,0.9137,0,binary_classification,no-smote
rt_bin_class_decision_tree_sklearn,seismic_bumps,0.8762,0.1111,0.1143,0.1081,0.5218,0,binary_classification,no-smote
rt_bin_class_decision_tree_sklearn,spambase,0.9229,0.9079,0.9186,0.8974,0.9194,0,binary_classification,no-smote
rt_bin_class_decision_tree_sklearn,spiral,0.92,0.9091,0.9524,0.8696,0.9163,0,binary_classification,no-smote
rt_bin_class_decision_tree_sklearn,telco_churn,0.7147,0.4766,0.4633,0.4906,0.6425,0,binary_classification,no-smote
rt_bin_class_decision_tree_sklearn,thoracic_surgery,0.7553,0.8497,0.8333,0.8667,0.5912,0,binary_classification,no-smote
rt_bin_class_decision_tree_sklearn,thyroid_disease,0.9854,0.8493,0.8857,0.8158,0.9051,0,binary_classification,no-smote
rt_bin_class_decision_tree_sklearn,titanic,0.7557,0.7009,0.7812,0.6356,0.7592,0,binary_classification,no-smote
rt_bin_class_decision_tree_sklearn,wilt,0.9804,0.7912,0.9,0.7059,0.8508,0,binary_classification,no-smote
rt_bin_class_decision_tree_sklearn,xor,0.6225,0.6247,0.6273,0.6221,0.6225,0,binary_classification,no-smote
rt_bin_class_decision_tree_sklearn,auction,0.9951,0.9815,1,0.9636,0.9818,0,binary_classification,smote
rt_bin_class_decision_tree_sklearn,banknote_authentication,0.9782,0.9758,1,0.9528,0.9764,0,binary_classification,smote
rt_bin_class_decision_tree_sklearn,blood_transfusion,0.6533,0.35,0.3256,0.3784,0.5729,0,binary_classification,smote
rt_bin_class_decision_tree_sklearn,breast_cancer,0.9474,0.9302,0.9302,0.9302,0.944,0,binary_classification,smote
rt_bin_class_decision_tree_sklearn,climate_simulation_crashes,0.8889,0.9381,0.9479,0.9286,0.7143,0,binary_classification,smote
rt_bin_class_decision_tree_sklearn,concentric_spheres,0.9333,0.931,0.9215,0.9408,0.9336,0,binary_classification,smote
rt_bin_class_decision_tree_sklearn,coupon_recommendations,0.6681,0.7021,0.7001,0.704,0.6639,0,binary_classification,smote
rt_bin_class_decision_tree_sklearn,credit_approval,0.7826,0.8,0.7317,0.8824,0.784,0,binary_classification,smote
rt_bin_class_decision_tree_sklearn,cylinder_bands,0.7593,0.7903,0.7656,0.8167,0.7521,0,binary_classification,smote
rt_bin_class_decision_tree_sklearn,eeg_eye_state,0.8308,0.8209,0.8177,0.8241,0.8304,0,binary_classification,smote
rt_bin_class_decision_tree_sklearn,electrical_grid,0.839,0.8743,0.8924,0.8569,0.8311,0,binary_classification,smote
rt_bin_class_decision_tree_sklearn,employee_attrition,0.9743,0.9463,0.9314,0.9618,0.97,0,binary_classification,smote
rt_bin_class_decision_tree_sklearn,image_segmentation,0.9935,0.9739,0.9655,0.9825,0.9888,0,binary_classification,smote
rt_bin_class_decision_tree_sklearn,mushroom,1,1,1,1,1,0,binary_classification,smote
rt_bin_class_decision_tree_sklearn,nba,0.668,0.7296,0.7484,0.7117,0.6527,0,binary_classification,smote
rt_bin_class_decision_tree_sklearn,online_shopping,0.8427,0.5403,0.5266,0.5547,0.7275,0,binary_classification,smote
rt_bin_class_decision_tree_sklearn,ozone_level,0.8915,0.2667,0.2381,0.303,0.6178,0,binary_classification,smote
rt_bin_class_decision_tree_sklearn,pc2,0.9946,0.25,0.25,0.25,0.6169,0,binary_classification,smote
rt_bin_class_decision_tree_sklearn,phishing_websites,0.957,0.9622,0.9618,0.9625,0.9719,0,binary_classification,smote
rt_bin_class_decision_tree_sklearn,qsar_biodegradation,0.782,0.7262,0.6559,0.8133,0.789,0,binary_classification,smote
rt_bin_class_decision_tree_sklearn,satellite,0.9882,0.6667,0.6667,0.6667,0.8303,0,binary_classification,smote
rt_bin_class_decision_tree_sklearn,seismic_bumps,0.8665,0.2247,0.1923,0.2703,0.5914,0,binary_classification,smote
rt_bin_class_decision_tree_sklearn,spambase,0.9034,0.8863,0.883,0.8897,0.9016,0,binary_classification,smote
rt_bin_class_decision_tree_sklearn,spiral,0.86,0.8444,0.8636,0.8261,0.8575,0,binary_classification,smote
rt_bin_class_decision_tree_sklearn,telco_churn,0.7225,0.5019,0.4782,0.5282,0.6601,0,binary_classification,smote
rt_bin_class_decision_tree_sklearn,thoracic_surgery,0.7447,0.8481,0.8072,0.8933,0.5256,0,binary_classification,smote
rt_bin_class_decision_tree_sklearn,thyroid_disease,0.9841,0.8462,0.825,0.8684,0.9293,0,binary_classification,smote
rt_bin_class_decision_tree_sklearn,titanic,0.7443,0.6941,0.7525,0.6441,0.7391,0,binary_classification,smote
rt_bin_class_decision_tree_sklearn,wilt,0.9783,0.7921,0.8,0.7843,0.8867,0,binary_classification,smote
rt_bin_class_decision_tree_sklearn,xor,0.6892,0.6894,0.6958,0.6832,0.6892,0,binary_classification,smote
rt_bin_class_ebm_interpretml,auction,0.9976,0.991,0.9821,1,1,0,binary_classification,no-smote
rt_bin_class_ebm_interpretml,banknote_authentication,1,1,1,1,1,0,binary_classification,no-smote
rt_bin_class_ebm_interpretml,blood_transfusion,0.6867,0.3896,0.375,0.4054,0.6568,0,binary_classification,no-smote
rt_bin_class_ebm_interpretml,breast_cancer,0.9561,0.9412,0.9524,0.9302,0.9951,0,binary_classification,no-smote
rt_bin_class_ebm_interpretml,climate_simulation_crashes,0.9352,0.9645,0.9596,0.9694,0.9663,0,binary_classification,no-smote
rt_bin_class_ebm_interpretml,concentric_spheres,0.97,0.9684,0.9753,0.9617,0.9949,0,binary_classification,no-smote
rt_bin_class_ebm_interpretml,coupon_recommendations,0.6926,0.7288,0.7144,0.7438,0.756,0,binary_classification,no-smote
rt_bin_class_ebm_interpretml,credit_approval,0.8261,0.8261,0.8143,0.8382,0.9046,0,binary_classification,no-smote
rt_bin_class_ebm_interpretml,cylinder_bands,0.8611,0.8819,0.8358,0.9333,0.9019,0,binary_classification,no-smote
rt_bin_class_ebm_interpretml,eeg_eye_state,0.8324,0.8197,0.8304,0.8092,0.9083,0,binary_classification,no-smote
rt_bin_class_ebm_interpretml,electrical_grid,0.9195,0.9372,0.9555,0.9197,0.976,0,binary_classification,no-smote
rt_bin_class_ebm_interpretml,employee_attrition,0.9713,0.939,0.9403,0.9377,0.9869,0,binary_classification,no-smote
rt_bin_class_ebm_interpretml,image_segmentation,0.9957,0.9825,0.9825,0.9825,0.9998,0,binary_classification,no-smote
rt_bin_class_ebm_interpretml,mushroom,1,1,1,1,1,0,binary_classification,no-smote
rt_bin_class_ebm_interpretml,nba,0.7259,0.7815,0.784,0.7791,0.7441,0,binary_classification,no-smote
rt_bin_class_ebm_interpretml,online_shopping,0.8889,0.6659,0.6675,0.6642,0.9187,0,binary_classification,no-smote
rt_bin_class_ebm_interpretml,ozone_level,0.9172,0.3636,0.3636,0.3636,0.851,0,binary_classification,no-smote
rt_bin_class_ebm_interpretml,pc2,0.9937,0,0,0,0.8495,0,binary_classification,no-smote
rt_bin_class_ebm_interpretml,phishing_websites,0.9398,0.9473,0.9424,0.9522,0.9873,0,binary_classification,no-smote
rt_bin_class_ebm_interpretml,qsar_biodegradation,0.8673,0.8205,0.7901,0.8533,0.9327,0,binary_classification,no-smote
rt_bin_class_ebm_interpretml,satellite,0.9941,0.8125,0.9286,0.7222,0.926,0,binary_classification,no-smote
rt_bin_class_ebm_interpretml,seismic_bumps,0.8743,0.1558,0.15,0.1622,0.6108,0,binary_classification,no-smote
rt_bin_class_ebm_interpretml,spambase,0.9522,0.943,0.9529,0.9333,0.9894,0,binary_classification,no-smote
rt_bin_class_ebm_interpretml,spiral,0.74,0.7347,0.6923,0.7826,0.8502,0,binary_classification,no-smote
rt_bin_class_ebm_interpretml,telco_churn,0.7793,0.6438,0.562,0.7534,0.8537,0,binary_classification,no-smote
rt_bin_class_ebm_interpretml,thoracic_surgery,0.7447,0.8481,0.8072,0.8933,0.5467,0,binary_classification,no-smote
rt_bin_class_ebm_interpretml,thyroid_disease,0.9828,0.8354,0.8049,0.8684,0.9943,0,binary_classification,no-smote
rt_bin_class_ebm_interpretml,titanic,0.7824,0.7397,0.802,0.6864,0.8566,0,binary_classification,no-smote
rt_bin_class_ebm_interpretml,wilt,0.9876,0.8846,0.8679,0.902,0.9872,0,binary_classification,no-smote
rt_bin_class_ebm_interpretml,xor,0.4892,0.4674,0.4936,0.4439,0.4788,0,binary_classification,no-smote
rt_bin_class_ebm_interpretml,auction,0.9976,0.991,0.9821,1,1,0,binary_classification,smote
rt_bin_class_ebm_interpretml,banknote_authentication,1,1,1,1,1,0,binary_classification,smote
rt_bin_class_ebm_interpretml,blood_transfusion,0.6867,0.3896,0.375,0.4054,0.6568,0,binary_classification,smote
rt_bin_class_ebm_interpretml,breast_cancer,0.9649,0.9524,0.9756,0.9302,0.9951,0,binary_classification,smote
rt_bin_class_ebm_interpretml,climate_simulation_crashes,0.9352,0.9645,0.9596,0.9694,0.9663,0,binary_classification,smote
rt_bin_class_ebm_interpretml,concentric_spheres,0.97,0.9684,0.9753,0.9617,0.9949,0,binary_classification,smote
rt_bin_class_ebm_interpretml,coupon_recommendations,0.6926,0.7288,0.7144,0.7438,0.756,0,binary_classification,smote
rt_bin_class_ebm_interpretml,credit_approval,0.8261,0.8261,0.8143,0.8382,0.9046,0,binary_classification,smote
rt_bin_class_ebm_interpretml,cylinder_bands,0.8426,0.8618,0.8413,0.8833,0.9049,0,binary_classification,smote
rt_bin_class_ebm_interpretml,eeg_eye_state,0.8324,0.8197,0.8304,0.8092,0.9083,0,binary_classification,smote
rt_bin_class_ebm_interpretml,electrical_grid,0.9195,0.9372,0.9555,0.9197,0.976,0,binary_classification,smote
rt_bin_class_ebm_interpretml,employee_attrition,0.9713,0.939,0.9403,0.9377,0.9869,0,binary_classification,smote
rt_bin_class_ebm_interpretml,image_segmentation,0.9957,0.9825,0.9825,0.9825,0.9998,0,binary_classification,smote
rt_bin_class_ebm_interpretml,mushroom,1,1,1,1,1,0,binary_classification,smote
rt_bin_class_ebm_interpretml,nba,0.7259,0.7815,0.784,0.7791,0.7441,0,binary_classification,smote
rt_bin_class_ebm_interpretml,online_shopping,0.8889,0.6659,0.6675,0.6642,0.9187,0,binary_classification,smote
rt_bin_class_ebm_interpretml,ozone_level,0.9093,0.2333,0.2593,0.2121,0.8567,0,binary_classification,smote
rt_bin_class_ebm_interpretml,pc2,0.9937,0,0,0,0.83,0,binary_classification,smote
rt_bin_class_ebm_interpretml,phishing_websites,0.9398,0.9473,0.9424,0.9522,0.9873,0,binary_classification,smote
rt_bin_class_ebm_interpretml,qsar_biodegradation,0.8673,0.8205,0.7901,0.8533,0.9327,0,binary_classification,smote
rt_bin_class_ebm_interpretml,satellite,0.9941,0.8125,0.9286,0.7222,0.926,0,binary_classification,smote
rt_bin_class_ebm_interpretml,seismic_bumps,0.8743,0.1558,0.15,0.1622,0.6108,0,binary_classification,smote
rt_bin_class_ebm_interpretml,spambase,0.9522,0.943,0.9529,0.9333,0.9894,0,binary_classification,smote
rt_bin_class_ebm_interpretml,spiral,0.74,0.7347,0.6923,0.7826,0.8502,0,binary_classification,smote
rt_bin_class_ebm_interpretml,telco_churn,0.7793,0.6438,0.562,0.7534,0.8537,0,binary_classification,smote
rt_bin_class_ebm_interpretml,thoracic_surgery,0.7447,0.8481,0.8072,0.8933,0.5467,0,binary_classification,smote
rt_bin_class_ebm_interpretml,thyroid_disease,0.9841,0.85,0.8095,0.8947,0.994,0,binary_classification,smote
rt_bin_class_ebm_interpretml,titanic,0.7824,0.7397,0.802,0.6864,0.8566,0,binary_classification,smote
rt_bin_class_ebm_interpretml,wilt,0.9876,0.8846,0.8679,0.902,0.9872,0,binary_classification,smote
rt_bin_class_ebm_interpretml,xor,0.4892,0.4674,0.4936,0.4439,0.4788,0,binary_classification,smote
rt_bin_class_extra_trees_sklearn,auction,0.9487,0.764,1,0.6182,0.9886,0,binary_classification,no-smote
rt_bin_class_extra_trees_sklearn,banknote_authentication,1,1,1,1,1,0,binary_classification,no-smote
rt_bin_class_extra_trees_sklearn,blood_transfusion,0.7267,0.3051,0.4091,0.2432,0.6449,0,binary_classification,no-smote
rt_bin_class_extra_trees_sklearn,breast_cancer,0.9649,0.9535,0.9535,0.9535,0.9966,0,binary_classification,no-smote
rt_bin_class_extra_trees_sklearn,climate_simulation_crashes,0.9074,0.9515,0.9074,1,0.9628,0,binary_classification,no-smote
rt_bin_class_extra_trees_sklearn,concentric_spheres,0.9533,0.9502,0.9709,0.9303,0.9916,0,binary_classification,no-smote
rt_bin_class_extra_trees_sklearn,coupon_recommendations,0.7489,0.7841,0.7503,0.8211,0.8164,0,binary_classification,no-smote
rt_bin_class_extra_trees_sklearn,credit_approval,0.8478,0.8489,0.831,0.8676,0.8871,0,binary_classification,no-smote
rt_bin_class_extra_trees_sklearn,cylinder_bands,0.7963,0.8358,0.7568,0.9333,0.8797,0,binary_classification,no-smote
rt_bin_class_extra_trees_sklearn,eeg_eye_state,0.9409,0.9352,0.9667,0.9057,0.9893,0,binary_classification,no-smote
rt_bin_class_extra_trees_sklearn,electrical_grid,0.9255,0.9442,0.9251,0.964,0.9791,0,binary_classification,no-smote
rt_bin_class_extra_trees_sklearn,employee_attrition,0.9827,0.9626,0.9781,0.9476,0.9894,0,binary_classification,no-smote
rt_bin_class_extra_trees_sklearn,image_segmentation,0.9957,0.9821,1,0.9649,0.9997,0,binary_classification,no-smote
rt_bin_class_extra_trees_sklearn,mushroom,1,1,1,1,1,0,binary_classification,no-smote
rt_bin_class_extra_trees_sklearn,nba,0.7297,0.7892,0.7751,0.8037,0.765,0,binary_classification,no-smote
rt_bin_class_extra_trees_sklearn,online_shopping,0.882,0.5374,0.7752,0.4112,0.9058,0,binary_classification,no-smote
rt_bin_class_extra_trees_sklearn,ozone_level,0.9408,0.2105,0.8,0.1212,0.9282,0,binary_classification,no-smote
rt_bin_class_extra_trees_sklearn,pc2,0.9955,0,0,0,0.8436,0,binary_classification,no-smote
rt_bin_class_extra_trees_sklearn,phishing_websites,0.9688,0.9727,0.9669,0.9785,0.9911,0,binary_classification,no-smote
rt_bin_class_extra_trees_sklearn,qsar_biodegradation,0.8768,0.8312,0.8101,0.8533,0.94,0,binary_classification,no-smote
rt_bin_class_extra_trees_sklearn,satellite,0.9912,0.6897,0.9091,0.5556,0.9654,0,binary_classification,no-smote
rt_bin_class_extra_trees_sklearn,seismic_bumps,0.9246,0.1333,0.375,0.0811,0.7327,0,binary_classification,no-smote
rt_bin_class_extra_trees_sklearn,spambase,0.9566,0.9478,0.9654,0.9308,0.9884,0,binary_classification,no-smote
rt_bin_class_extra_trees_sklearn,spiral,0.94,0.9362,0.9167,0.9565,0.9863,0,binary_classification,no-smote
rt_bin_class_extra_trees_sklearn,telco_churn,0.7857,0.5506,0.6187,0.496,0.8098,0,binary_classification,no-smote
rt_bin_class_extra_trees_sklearn,thoracic_surgery,0.7766,0.8743,0.7935,0.9733,0.5091,0,binary_classification,no-smote
rt_bin_class_extra_trees_sklearn,thyroid_disease,0.9762,0.7273,0.8571,0.6316,0.9841,0,binary_classification,no-smote
rt_bin_class_extra_trees_sklearn,titanic,0.7672,0.7136,0.8,0.6441,0.8118,0,binary_classification,no-smote
rt_bin_class_extra_trees_sklearn,wilt,0.9835,0.8222,0.9487,0.7255,0.9949,0,binary_classification,no-smote
rt_bin_class_extra_trees_sklearn,xor,0.7825,0.77,0.8261,0.7211,0.8653,0,binary_classification,no-smote
rt_bin_class_extra_trees_sklearn,auction,0.9413,0.7391,0.9189,0.6182,0.9894,0,binary_classification,smote
rt_bin_class_extra_trees_sklearn,banknote_authentication,1,1,1,1,1,0,binary_classification,smote
rt_bin_class_extra_trees_sklearn,blood_transfusion,0.68,0.3514,0.3514,0.3514,0.6094,0,binary_classification,smote
rt_bin_class_extra_trees_sklearn,breast_cancer,0.9825,0.9767,0.9767,0.9767,0.9959,0,binary_classification,smote
rt_bin_class_extra_trees_sklearn,climate_simulation_crashes,0.9259,0.9604,0.9327,0.9898,0.9413,0,binary_classification,smote
rt_bin_class_extra_trees_sklearn,concentric_spheres,0.955,0.9519,0.9745,0.9303,0.9911,0,binary_classification,smote
rt_bin_class_extra_trees_sklearn,coupon_recommendations,0.7391,0.7722,0.7495,0.7963,0.8107,0,binary_classification,smote
rt_bin_class_extra_trees_sklearn,credit_approval,0.8406,0.8429,0.8194,0.8676,0.8837,0,binary_classification,smote
rt_bin_class_extra_trees_sklearn,cylinder_bands,0.7778,0.8209,0.7432,0.9167,0.8866,0,binary_classification,smote
rt_bin_class_extra_trees_sklearn,eeg_eye_state,0.9433,0.9385,0.9586,0.9191,0.9884,0,binary_classification,smote
rt_bin_class_extra_trees_sklearn,electrical_grid,0.929,0.946,0.941,0.951,0.9816,0,binary_classification,smote
rt_bin_class_extra_trees_sklearn,employee_attrition,0.983,0.9633,0.9795,0.9476,0.9915,0,binary_classification,smote
rt_bin_class_extra_trees_sklearn,image_segmentation,0.9957,0.9821,1,0.9649,0.9999,0,binary_classification,smote
rt_bin_class_extra_trees_sklearn,mushroom,1,1,1,1,1,0,binary_classification,smote
rt_bin_class_extra_trees_sklearn,nba,0.722,0.7791,0.7791,0.7791,0.7563,0,binary_classification,smote
rt_bin_class_extra_trees_sklearn,online_shopping,0.8852,0.6053,0.7092,0.528,0.9006,0,binary_classification,smote
rt_bin_class_extra_trees_sklearn,ozone_level,0.9349,0.1951,0.5,0.1212,0.9139,0,binary_classification,smote
rt_bin_class_extra_trees_sklearn,pc2,0.9955,0,0,0,0.8481,0,binary_classification,smote
rt_bin_class_extra_trees_sklearn,phishing_websites,0.967,0.9711,0.9661,0.9761,0.991,0,binary_classification,smote
rt_bin_class_extra_trees_sklearn,qsar_biodegradation,0.8815,0.8387,0.8125,0.8667,0.9408,0,binary_classification,smote
rt_bin_class_extra_trees_sklearn,satellite,0.9931,0.7586,1,0.6111,0.9892,0,binary_classification,smote
rt_bin_class_extra_trees_sklearn,seismic_bumps,0.9014,0.1053,0.15,0.0811,0.705,0,binary_classification,smote
rt_bin_class_extra_trees_sklearn,spambase,0.9609,0.9532,0.9658,0.941,0.9896,0,binary_classification,smote
rt_bin_class_extra_trees_sklearn,spiral,0.94,0.9362,0.9167,0.9565,0.9887,0,binary_classification,smote
rt_bin_class_extra_trees_sklearn,telco_churn,0.7764,0.5494,0.589,0.5147,0.8077,0,binary_classification,smote
rt_bin_class_extra_trees_sklearn,thoracic_surgery,0.766,0.8642,0.8046,0.9333,0.5446,0,binary_classification,smote
rt_bin_class_extra_trees_sklearn,thyroid_disease,0.9788,0.7647,0.8667,0.6842,0.9842,0,binary_classification,smote
rt_bin_class_extra_trees_sklearn,titanic,0.7634,0.7103,0.7917,0.6441,0.8108,0,binary_classification,smote
rt_bin_class_extra_trees_sklearn,wilt,0.9855,0.8511,0.9302,0.7843,0.9947,0,binary_classification,smote
rt_bin_class_extra_trees_sklearn,xor,0.7775,0.7684,0.8099,0.731,0.8604,0,binary_classification,smote
rt_bin_class_knn_sklearn,auction,0.8704,0.3117,0.5455,0.2182,0.7642,0,binary_classification,no-smote
rt_bin_class_knn_sklearn,banknote_authentication,1,1,1,1,1,0,binary_classification,no-smote
rt_bin_class_knn_sklearn,blood_transfusion,0.7533,0.3509,0.5,0.2703,0.6342,0,binary_classification,no-smote
rt_bin_class_knn_sklearn,breast_cancer,0.9561,0.9425,0.9318,0.9535,0.9812,0,binary_classification,no-smote
rt_bin_class_knn_sklearn,climate_simulation_crashes,0.9074,0.951,0.9151,0.9898,0.7561,0,binary_classification,no-smote
rt_bin_class_knn_sklearn,concentric_spheres,0.86,0.8327,0.9721,0.7282,0.9472,0,binary_classification,no-smote
rt_bin_class_knn_sklearn,coupon_recommendations,0.6531,0.6949,0.6793,0.7111,0.7043,0,binary_classification,no-smote
rt_bin_class_knn_sklearn,credit_approval,0.7899,0.8105,0.7294,0.9118,0.8374,0,binary_classification,no-smote
rt_bin_class_knn_sklearn,cylinder_bands,0.7963,0.8358,0.7568,0.9333,0.8724,0,binary_classification,no-smote
rt_bin_class_knn_sklearn,eeg_eye_state,0.8148,0.7984,0.8183,0.7794,0.8925,0,binary_classification,no-smote
rt_bin_class_knn_sklearn,electrical_grid,0.852,0.8905,0.8624,0.9204,0.9179,0,binary_classification,no-smote
rt_bin_class_knn_sklearn,employee_attrition,0.9483,0.8929,0.8718,0.915,0.9739,0,binary_classification,no-smote
rt_bin_class_knn_sklearn,image_segmentation,0.9913,0.9643,0.9818,0.9474,0.9993,0,binary_classification,no-smote
rt_bin_class_knn_sklearn,mushroom,1,1,1,1,1,0,binary_classification,no-smote
rt_bin_class_knn_sklearn,nba,0.6718,0.7463,0.7267,0.7669,0.6983,0,binary_classification,no-smote
rt_bin_class_knn_sklearn,online_shopping,0.865,0.4789,0.6711,0.3723,0.7896,0,binary_classification,no-smote
rt_bin_class_knn_sklearn,ozone_level,0.9231,0.1702,0.2857,0.1212,0.7811,0,binary_classification,no-smote
rt_bin_class_knn_sklearn,pc2,0.9964,0,0,0,0.4883,0,binary_classification,no-smote
rt_bin_class_knn_sklearn,phishing_websites,0.948,0.9551,0.9364,0.9745,0.9881,0,binary_classification,no-smote
rt_bin_class_knn_sklearn,qsar_biodegradation,0.8389,0.7848,0.747,0.8267,0.9022,0,binary_classification,no-smote
rt_bin_class_knn_sklearn,satellite,0.9922,0.7143,1,0.5556,0.8322,0,binary_classification,no-smote
rt_bin_class_knn_sklearn,seismic_bumps,0.9284,0.1395,0.5,0.0811,0.6514,0,binary_classification,no-smote
rt_bin_class_knn_sklearn,spambase,0.8947,0.8698,0.9127,0.8308,0.9425,0,binary_classification,no-smote
rt_bin_class_knn_sklearn,spiral,0.92,0.913,0.913,0.913,0.9686,0,binary_classification,no-smote
rt_bin_class_knn_sklearn,telco_churn,0.7821,0.5633,0.6,0.5308,0.7982,0,binary_classification,no-smote
rt_bin_class_knn_sklearn,thoracic_surgery,0.7872,0.881,0.7957,0.9867,0.4937,0,binary_classification,no-smote
rt_bin_class_knn_sklearn,thyroid_disease,0.9762,0.7273,0.8571,0.6316,0.8954,0,binary_classification,no-smote
rt_bin_class_knn_sklearn,titanic,0.7328,0.6698,0.7553,0.6017,0.8136,0,binary_classification,no-smote
rt_bin_class_knn_sklearn,wilt,0.9649,0.5143,0.9474,0.3529,0.8629,0,binary_classification,no-smote
rt_bin_class_knn_sklearn,xor,0.81,0.8084,0.8236,0.7937,0.8915,0,binary_classification,no-smote
rt_bin_class_knn_sklearn,auction,0.8191,0.4308,0.3733,0.5091,0.7546,0,binary_classification,smote
rt_bin_class_knn_sklearn,banknote_authentication,1,1,1,1,1,0,binary_classification,smote
rt_bin_class_knn_sklearn,blood_transfusion,0.7067,0.4211,0.4103,0.4324,0.6336,0,binary_classification,smote
rt_bin_class_knn_sklearn,breast_cancer,0.9561,0.9425,0.9318,0.9535,0.9738,0,binary_classification,smote
rt_bin_class_knn_sklearn,climate_simulation_crashes,0.7407,0.8353,0.9861,0.7245,0.8087,0,binary_classification,smote
rt_bin_class_knn_sklearn,concentric_spheres,0.8583,0.8297,0.9764,0.7213,0.9491,0,binary_classification,smote
rt_bin_class_knn_sklearn,coupon_recommendations,0.6425,0.6553,0.7054,0.6118,0.7016,0,binary_classification,smote
rt_bin_class_knn_sklearn,credit_approval,0.7899,0.8054,0.7407,0.8824,0.8371,0,binary_classification,smote
rt_bin_class_knn_sklearn,cylinder_bands,0.7593,0.7679,0.8269,0.7167,0.8472,0,binary_classification,smote
rt_bin_class_knn_sklearn,eeg_eye_state,0.8141,0.8053,0.7939,0.817,0.889,0,binary_classification,smote
rt_bin_class_knn_sklearn,electrical_grid,0.8375,0.8704,0.9092,0.8347,0.9101,0,binary_classification,smote
rt_bin_class_knn_sklearn,employee_attrition,0.9413,0.8854,0.8193,0.9632,0.9723,0,binary_classification,smote
rt_bin_class_knn_sklearn,image_segmentation,0.9935,0.9739,0.9655,0.9825,0.9984,0,binary_classification,smote
rt_bin_class_knn_sklearn,mushroom,1,1,1,1,1,0,binary_classification,smote
rt_bin_class_knn_sklearn,nba,0.6564,0.6962,0.7846,0.6258,0.708,0,binary_classification,smote
rt_bin_class_knn_sklearn,online_shopping,0.7705,0.4964,0.3913,0.6788,0.8068,0,binary_classification,smote
rt_bin_class_knn_sklearn,ozone_level,0.8245,0.3597,0.2358,0.7576,0.8156,0,binary_classification,smote
rt_bin_class_knn_sklearn,pc2,0.9893,0,0,0,0.4816,0,binary_classification,smote
rt_bin_class_knn_sklearn,phishing_websites,0.9462,0.9532,0.9417,0.9649,0.9889,0,binary_classification,smote
rt_bin_class_knn_sklearn,qsar_biodegradation,0.8104,0.7674,0.6804,0.88,0.8898,0,binary_classification,smote
rt_bin_class_knn_sklearn,satellite,0.9912,0.7273,0.8,0.6667,0.8591,0,binary_classification,smote
rt_bin_class_knn_sklearn,seismic_bumps,0.8104,0.2097,0.1494,0.3514,0.6408,0,binary_classification,smote
rt_bin_class_knn_sklearn,spambase,0.8893,0.8712,0.8582,0.8846,0.9373,0,binary_classification,smote
rt_bin_class_knn_sklearn,spiral,0.92,0.913,0.913,0.913,0.971,0,binary_classification,smote
rt_bin_class_knn_sklearn,telco_churn,0.7268,0.5838,0.4891,0.7239,0.7837,0,binary_classification,smote
rt_bin_class_knn_sklearn,thoracic_surgery,0.6277,0.7619,0.7778,0.7467,0.4474,0,binary_classification,smote
rt_bin_class_knn_sklearn,thyroid_disease,0.9523,0.64,0.5161,0.8421,0.9155,0,binary_classification,smote
rt_bin_class_knn_sklearn,titanic,0.7366,0.6906,0.7333,0.6525,0.8074,0,binary_classification,smote
rt_bin_class_knn_sklearn,wilt,0.9649,0.6964,0.6393,0.7647,0.891,0,binary_classification,smote
rt_bin_class_knn_sklearn,xor,0.8075,0.8073,0.8162,0.7987,0.8906,0,binary_classification,smote
rt_bin_class_lightgbm,auction,0.9976,0.9908,1,0.9818,1,0,binary_classification,no-smote
rt_bin_class_lightgbm,banknote_authentication,0.9927,0.9921,1,0.9843,0.9999,0,binary_classification,no-smote
rt_bin_class_lightgbm,blood_transfusion,0.7267,0.3492,0.4231,0.2973,0.6429,0,binary_classification,no-smote
rt_bin_class_lightgbm,breast_cancer,0.9649,0.9524,0.9756,0.9302,0.982,0,binary_classification,no-smote
rt_bin_class_lightgbm,climate_simulation_crashes,0.9259,0.96,0.9412,0.9796,0.9724,0,binary_classification,no-smote
rt_bin_class_lightgbm,concentric_spheres,0.9617,0.9596,0.9681,0.9512,0.9942,0,binary_classification,no-smote
rt_bin_class_lightgbm,coupon_recommendations,0.7466,0.7821,0.7484,0.819,0.8161,0,binary_classification,no-smote
rt_bin_class_lightgbm,credit_approval,0.8478,0.8489,0.831,0.8676,0.8949,0,binary_classification,no-smote
rt_bin_class_lightgbm,cylinder_bands,0.8611,0.8855,0.8169,0.9667,0.9266,0,binary_classification,no-smote
rt_bin_class_lightgbm,eeg_eye_state,0.9152,0.9081,0.9269,0.8901,0.9758,0,binary_classification,no-smote
rt_bin_class_lightgbm,electrical_grid,0.9395,0.9537,0.9548,0.9526,0.9884,0,binary_classification,no-smote
rt_bin_class_lightgbm,employee_attrition,0.987,0.972,0.9854,0.9589,0.9924,0,binary_classification,no-smote
rt_bin_class_lightgbm,image_segmentation,0.9935,0.9735,0.9821,0.9649,0.9911,0,binary_classification,no-smote
rt_bin_class_lightgbm,mushroom,1,1,1,1,1,0,binary_classification,no-smote
rt_bin_class_lightgbm,nba,0.7104,0.772,0.7651,0.7791,0.7289,0,binary_classification,no-smote
rt_bin_class_lightgbm,online_shopping,0.8958,0.656,0.7292,0.5961,0.9245,0,binary_classification,no-smote
rt_bin_class_lightgbm,ozone_level,0.9369,0.2727,0.5455,0.1818,0.8748,0,binary_classification,no-smote
rt_bin_class_lightgbm,pc2,0.9955,0,0,0,0.6111,0,binary_classification,no-smote
rt_bin_class_lightgbm,phishing_websites,0.9683,0.9724,0.9625,0.9825,0.996,0,binary_classification,no-smote
rt_bin_class_lightgbm,qsar_biodegradation,0.8531,0.7891,0.8056,0.7733,0.9308,0,binary_classification,no-smote
rt_bin_class_lightgbm,satellite,0.9941,0.8125,0.9286,0.7222,0.9426,0,binary_classification,no-smote
rt_bin_class_lightgbm,seismic_bumps,0.9168,0.1224,0.25,0.0811,0.7563,0,binary_classification,no-smote
rt_bin_class_lightgbm,spambase,0.9598,0.952,0.9633,0.941,0.9882,0,binary_classification,no-smote
rt_bin_class_lightgbm,spiral,0.68,0.6923,0.6207,0.7826,0.814,0,binary_classification,no-smote
rt_bin_class_lightgbm,telco_churn,0.797,0.5819,0.6399,0.5335,0.8477,0,binary_classification,no-smote
rt_bin_class_lightgbm,thoracic_surgery,0.8191,0.8982,0.8152,1,0.5228,0,binary_classification,no-smote
rt_bin_class_lightgbm,thyroid_disease,0.9934,0.9333,0.9459,0.9211,0.9981,0,binary_classification,no-smote
rt_bin_class_lightgbm,titanic,0.7939,0.75,0.8265,0.6864,0.8557,0,binary_classification,no-smote
rt_bin_class_lightgbm,wilt,0.9804,0.7957,0.881,0.7255,0.9662,0,binary_classification,no-smote
rt_bin_class_lightgbm,xor,0.6042,0.5916,0.6176,0.5677,0.6429,0,binary_classification,no-smote
rt_bin_class_lightgbm,auction,1,1,1,1,1,0,binary_classification,smote
rt_bin_class_lightgbm,banknote_authentication,0.9927,0.9921,1,0.9843,1,0,binary_classification,smote
rt_bin_class_lightgbm,blood_transfusion,0.6733,0.3636,0.35,0.3784,0.6321,0,binary_classification,smote
rt_bin_class_lightgbm,breast_cancer,0.9737,0.9647,0.9762,0.9535,0.983,0,binary_classification,smote
rt_bin_class_lightgbm,climate_simulation_crashes,0.9352,0.9648,0.9505,0.9796,0.9709,0,binary_classification,smote
rt_bin_class_lightgbm,concentric_spheres,0.9617,0.9591,0.9783,0.9408,0.9944,0,binary_classification,smote
rt_bin_class_lightgbm,coupon_recommendations,0.7418,0.7717,0.7582,0.7857,0.8134,0,binary_classification,smote
rt_bin_class_lightgbm,credit_approval,0.8551,0.8611,0.8158,0.9118,0.9038,0,binary_classification,smote
rt_bin_class_lightgbm,cylinder_bands,0.8426,0.8682,0.8116,0.9333,0.9238,0,binary_classification,smote
rt_bin_class_lightgbm,eeg_eye_state,0.9196,0.9138,0.922,0.9057,0.9764,0,binary_classification,smote
rt_bin_class_lightgbm,electrical_grid,0.9365,0.9506,0.9675,0.9342,0.9867,0,binary_classification,smote
rt_bin_class_lightgbm,employee_attrition,0.9837,0.9649,0.9754,0.9547,0.9913,0,binary_classification,smote
rt_bin_class_lightgbm,image_segmentation,0.9935,0.9735,0.9821,0.9649,0.9911,0,binary_classification,smote
rt_bin_class_lightgbm,mushroom,1,1,1,1,1,0,binary_classification,smote
rt_bin_class_lightgbm,nba,0.6757,0.7407,0.7453,0.7362,0.7283,0,binary_classification,smote
rt_bin_class_lightgbm,online_shopping,0.8865,0.6552,0.6633,0.6472,0.9205,0,binary_classification,smote
rt_bin_class_lightgbm,ozone_level,0.927,0.3509,0.4167,0.303,0.8906,0,binary_classification,smote
rt_bin_class_lightgbm,pc2,0.9964,0,0,0,0.7265,0,binary_classification,smote
rt_bin_class_lightgbm,phishing_websites,0.9679,0.9719,0.9654,0.9785,0.9955,0,binary_classification,smote
rt_bin_class_lightgbm,qsar_biodegradation,0.8768,0.8267,0.8267,0.8267,0.929,0,binary_classification,smote
rt_bin_class_lightgbm,satellite,0.9951,0.8387,1,0.7222,0.9704,0,binary_classification,smote
rt_bin_class_lightgbm,seismic_bumps,0.8859,0.169,0.1765,0.1622,0.6745,0,binary_classification,smote
rt_bin_class_lightgbm,spambase,0.9587,0.9506,0.9632,0.9385,0.9893,0,binary_classification,smote
rt_bin_class_lightgbm,spiral,0.76,0.76,0.7037,0.8261,0.868,0,binary_classification,smote
rt_bin_class_lightgbm,telco_churn,0.7878,0.6304,0.5849,0.6836,0.8415,0,binary_classification,smote
rt_bin_class_lightgbm,thoracic_surgery,0.7766,0.8696,0.814,0.9333,0.5491,0,binary_classification,smote
rt_bin_class_lightgbm,thyroid_disease,0.9907,0.9091,0.8974,0.9211,0.9978,0,binary_classification,smote
rt_bin_class_lightgbm,titanic,0.7977,0.758,0.8218,0.7034,0.8575,0,binary_classification,smote
rt_bin_class_lightgbm,wilt,0.9814,0.82,0.8367,0.8039,0.9835,0,binary_classification,smote
rt_bin_class_lightgbm,xor,0.6058,0.5974,0.6169,0.5792,0.6638,0,binary_classification,smote
rt_bin_class_logistic_regression_sklearn,auction,0.8655,0.0984,0.5,0.0545,0.7658,0,binary_classification,no-smote
rt_bin_class_logistic_regression_sklearn,banknote_authentication,0.9782,0.9766,0.969,0.9843,0.9992,0,binary_classification,no-smote
rt_bin_class_logistic_regression_sklearn,blood_transfusion,0.7533,0.1778,0.5,0.1081,0.7515,0,binary_classification,no-smote
rt_bin_class_logistic_regression_sklearn,breast_cancer,0.9737,0.9647,0.9762,0.9535,0.9977,0,binary_classification,no-smote
rt_bin_class_logistic_regression_sklearn,climate_simulation_crashes,0.9259,0.9596,0.95,0.9694,0.9765,0,binary_classification,no-smote
rt_bin_class_logistic_regression_sklearn,concentric_spheres,0.5,0.537,0.482,0.6063,0.4951,0,binary_classification,no-smote
rt_bin_class_logistic_regression_sklearn,coupon_recommendations,0.6827,0.7312,0.6904,0.7771,0.7278,0,binary_classification,no-smote
rt_bin_class_logistic_regression_sklearn,credit_approval,0.8261,0.8182,0.8438,0.7941,0.8947,0,binary_classification,no-smote
rt_bin_class_logistic_regression_sklearn,cylinder_bands,0.7407,0.7846,0.7286,0.85,0.8326,0,binary_classification,no-smote
rt_bin_class_logistic_regression_sklearn,eeg_eye_state,0.5641,0.4074,0.5655,0.3184,0.5928,0,binary_classification,no-smote
rt_bin_class_logistic_regression_sklearn,electrical_grid,0.8165,0.8607,0.8539,0.8676,0.8895,0,binary_classification,no-smote
rt_bin_class_logistic_regression_sklearn,employee_attrition,0.782,0.4119,0.564,0.3244,0.8161,0,binary_classification,no-smote
rt_bin_class_logistic_regression_sklearn,image_segmentation,0.9935,0.9735,0.9821,0.9649,0.9985,0,binary_classification,no-smote
rt_bin_class_logistic_regression_sklearn,mushroom,0.9988,0.9987,1,0.9974,1,0,binary_classification,no-smote
rt_bin_class_logistic_regression_sklearn,nba,0.7104,0.7748,0.7588,0.7914,0.7634,0,binary_classification,no-smote
rt_bin_class_logistic_regression_sklearn,online_shopping,0.8694,0.4721,0.7236,0.3504,0.8949,0,binary_classification,no-smote
rt_bin_class_logistic_regression_sklearn,ozone_level,0.931,0.2857,0.4375,0.2121,0.9173,0,binary_classification,no-smote
rt_bin_class_logistic_regression_sklearn,pc2,0.9964,0,0,0,0.849,0,binary_classification,no-smote
rt_bin_class_logistic_regression_sklearn,phishing_websites,0.9389,0.9466,0.9396,0.9538,0.9862,0,binary_classification,no-smote
rt_bin_class_logistic_regression_sklearn,qsar_biodegradation,0.8626,0.8153,0.7805,0.8533,0.9304,0,binary_classification,no-smote
rt_bin_class_logistic_regression_sklearn,satellite,0.9931,0.7879,0.8667,0.7222,0.9788,0,binary_classification,no-smote
rt_bin_class_logistic_regression_sklearn,seismic_bumps,0.9284,0,0,0,0.7843,0,binary_classification,no-smote
rt_bin_class_logistic_regression_sklearn,spambase,0.9327,0.9184,0.9432,0.8949,0.9791,0,binary_classification,no-smote
rt_bin_class_logistic_regression_sklearn,spiral,0.46,0.449,0.4231,0.4783,0.5121,0,binary_classification,no-smote
rt_bin_class_logistic_regression_sklearn,telco_churn,0.8204,0.6381,0.684,0.5979,0.8622,0,binary_classification,no-smote
rt_bin_class_logistic_regression_sklearn,thoracic_surgery,0.7979,0.8876,0.7979,1,0.4649,0,binary_classification,no-smote
rt_bin_class_logistic_regression_sklearn,thyroid_disease,0.9709,0.6765,0.7667,0.6053,0.9741,0,binary_classification,no-smote
rt_bin_class_logistic_regression_sklearn,titanic,0.771,0.7115,0.8222,0.6271,0.8567,0,binary_classification,no-smote
rt_bin_class_logistic_regression_sklearn,wilt,0.9566,0.3226,0.9091,0.1961,0.9787,0,binary_classification,no-smote
rt_bin_class_logistic_regression_sklearn,xor,0.4925,0.2894,0.494,0.2046,0.5155,0,binary_classification,no-smote
rt_bin_class_logistic_regression_sklearn,auction,0.6724,0.3796,0.2547,0.7455,0.7697,0,binary_classification,smote
rt_bin_class_logistic_regression_sklearn,banknote_authentication,0.9782,0.9766,0.969,0.9843,0.9991,0,binary_classification,smote
rt_bin_class_logistic_regression_sklearn,blood_transfusion,0.6733,0.5243,0.4091,0.7297,0.7489,0,binary_classification,smote
rt_bin_class_logistic_regression_sklearn,breast_cancer,0.9737,0.9647,0.9762,0.9535,0.9974,0,binary_classification,smote
rt_bin_class_logistic_regression_sklearn,climate_simulation_crashes,0.8981,0.9412,0.9888,0.898,0.9714,0,binary_classification,smote
rt_bin_class_logistic_regression_sklearn,concentric_spheres,0.5133,0.5133,0.492,0.5366,0.4951,0,binary_classification,smote
rt_bin_class_logistic_regression_sklearn,coupon_recommendations,0.6768,0.7121,0.7047,0.7197,0.723,0,binary_classification,smote
rt_bin_class_logistic_regression_sklearn,credit_approval,0.8333,0.8244,0.8571,0.7941,0.8938,0,binary_classification,smote
rt_bin_class_logistic_regression_sklearn,cylinder_bands,0.7593,0.7937,0.7576,0.8333,0.8278,0,binary_classification,smote
rt_bin_class_logistic_regression_sklearn,eeg_eye_state,0.5564,0.5475,0.5265,0.5702,0.5925,0,binary_classification,smote
rt_bin_class_logistic_regression_sklearn,electrical_grid,0.7945,0.8341,0.8829,0.7904,0.8894,0,binary_classification,smote
rt_bin_class_logistic_regression_sklearn,employee_attrition,0.7647,0.6176,0.5,0.8074,0.8262,0,binary_classification,smote
rt_bin_class_logistic_regression_sklearn,image_segmentation,0.9913,0.9649,0.9649,0.9649,0.9987,0,binary_classification,smote
rt_bin_class_logistic_regression_sklearn,mushroom,0.9988,0.9987,1,0.9974,1,0,binary_classification,smote
rt_bin_class_logistic_regression_sklearn,nba,0.6911,0.7368,0.7943,0.6871,0.7608,0,binary_classification,smote
rt_bin_class_logistic_regression_sklearn,online_shopping,0.8524,0.5697,0.554,0.5864,0.8726,0,binary_classification,smote
rt_bin_class_logistic_regression_sklearn,ozone_level,0.8481,0.4031,0.2708,0.7879,0.9147,0,binary_classification,smote
rt_bin_class_logistic_regression_sklearn,pc2,0.9329,0.0506,0.0267,0.5,0.9057,0,binary_classification,smote
rt_bin_class_logistic_regression_sklearn,phishing_websites,0.9376,0.945,0.945,0.945,0.9863,0,binary_classification,smote
rt_bin_class_logistic_regression_sklearn,qsar_biodegradation,0.8483,0.8095,0.7312,0.9067,0.9222,0,binary_classification,smote
rt_bin_class_logistic_regression_sklearn,satellite,0.9843,0.6667,0.5333,0.8889,0.9848,0,binary_classification,smote
rt_bin_class_logistic_regression_sklearn,seismic_bumps,0.7814,0.2893,0.1885,0.6216,0.7657,0,binary_classification,smote
rt_bin_class_logistic_regression_sklearn,spambase,0.937,0.9256,0.9256,0.9256,0.9798,0,binary_classification,smote
rt_bin_class_logistic_regression_sklearn,spiral,0.46,0.4255,0.4167,0.4348,0.5024,0,binary_classification,smote
rt_bin_class_logistic_regression_sklearn,telco_churn,0.7601,0.6342,0.5318,0.7855,0.8561,0,binary_classification,smote
rt_bin_class_logistic_regression_sklearn,thoracic_surgery,0.5532,0.6912,0.7705,0.6267,0.5081,0,binary_classification,smote
rt_bin_class_logistic_regression_sklearn,thyroid_disease,0.8927,0.4706,0.313,0.9474,0.969,0,binary_classification,smote
rt_bin_class_logistic_regression_sklearn,titanic,0.7634,0.7257,0.7593,0.6949,0.8568,0,binary_classification,smote
rt_bin_class_logistic_regression_sklearn,wilt,0.9514,0.6619,0.5227,0.902,0.9823,0,binary_classification,smote
rt_bin_class_logistic_regression_sklearn,xor,0.5208,0.5139,0.5269,0.5017,0.5147,0,binary_classification,smote
rt_bin_class_mlp_sklearn,auction,0.9022,0.5652,0.7027,0.4727,0.8899,0,binary_classification,no-smote
rt_bin_class_mlp_sklearn,banknote_authentication,1,1,1,1,1,0,binary_classification,no-smote
rt_bin_class_mlp_sklearn,blood_transfusion,0.78,0.3774,0.625,0.2703,0.7582,0,binary_classification,no-smote
rt_bin_class_mlp_sklearn,breast_cancer,0.9649,0.9545,0.9333,0.9767,0.9951,0,binary_classification,no-smote
rt_bin_class_mlp_sklearn,climate_simulation_crashes,0.9444,0.97,0.951,0.9898,0.9735,0,binary_classification,no-smote
rt_bin_class_mlp_sklearn,concentric_spheres,0.9483,0.9455,0.9539,0.9373,0.9869,0,binary_classification,no-smote
rt_bin_class_mlp_sklearn,coupon_recommendations,0.7296,0.7586,0.7523,0.7651,0.8048,0,binary_classification,no-smote
rt_bin_class_mlp_sklearn,credit_approval,0.8116,0.8169,0.7838,0.8529,0.8731,0,binary_classification,no-smote
rt_bin_class_mlp_sklearn,cylinder_bands,0.787,0.8244,0.7606,0.9,0.8755,0,binary_classification,no-smote
rt_bin_class_mlp_sklearn,eeg_eye_state,0.8511,0.8409,0.8458,0.8362,0.9304,0,binary_classification,no-smote
rt_bin_class_mlp_sklearn,electrical_grid,0.9585,0.9683,0.9658,0.9709,0.9943,0,binary_classification,no-smote
rt_bin_class_mlp_sklearn,employee_attrition,0.9747,0.9458,0.9526,0.9391,0.9864,0,binary_classification,no-smote
rt_bin_class_mlp_sklearn,image_segmentation,0.9957,0.9821,1,0.9649,0.9999,0,binary_classification,no-smote
rt_bin_class_mlp_sklearn,mushroom,1,1,1,1,1,0,binary_classification,no-smote
rt_bin_class_mlp_sklearn,nba,0.7027,0.7631,0.7654,0.7607,0.7571,0,binary_classification,no-smote
rt_bin_class_mlp_sklearn,online_shopping,0.8715,0.5845,0.6335,0.5426,0.8686,0,binary_classification,no-smote
rt_bin_class_mlp_sklearn,ozone_level,0.9428,0.5246,0.5714,0.4848,0.8922,0,binary_classification,no-smote
rt_bin_class_mlp_sklearn,pc2,0.9964,0,0,0,0.7184,0,binary_classification,no-smote
rt_bin_class_mlp_sklearn,phishing_websites,0.9661,0.97,0.975,0.9649,0.9955,0,binary_classification,no-smote
rt_bin_class_mlp_sklearn,qsar_biodegradation,0.8863,0.8421,0.8312,0.8533,0.9392,0,binary_classification,no-smote
rt_bin_class_mlp_sklearn,satellite,0.9931,0.7879,0.8667,0.7222,0.9541,0,binary_classification,no-smote
rt_bin_class_mlp_sklearn,seismic_bumps,0.9265,0.1739,0.4444,0.1081,0.7389,0,binary_classification,no-smote
rt_bin_class_mlp_sklearn,spambase,0.9522,0.9426,0.9601,0.9256,0.9807,0,binary_classification,no-smote
rt_bin_class_mlp_sklearn,spiral,0.48,0.4583,0.44,0.4783,0.5233,0,binary_classification,no-smote
rt_bin_class_mlp_sklearn,telco_churn,0.7857,0.5782,0.6035,0.555,0.8214,0,binary_classification,no-smote
rt_bin_class_mlp_sklearn,thoracic_surgery,0.7979,0.8848,0.8111,0.9733,0.5084,0,binary_classification,no-smote
rt_bin_class_mlp_sklearn,thyroid_disease,0.9828,0.8219,0.8571,0.7895,0.9944,0,binary_classification,no-smote
rt_bin_class_mlp_sklearn,titanic,0.7557,0.68,0.8293,0.5763,0.8415,0,binary_classification,no-smote
rt_bin_class_mlp_sklearn,wilt,0.9835,0.8261,0.9268,0.7451,0.9979,0,binary_classification,no-smote
rt_bin_class_mlp_sklearn,xor,0.8725,0.8691,0.9023,0.8383,0.9599,0,binary_classification,no-smote
rt_bin_class_mlp_sklearn,auction,0.8851,0.6179,0.5588,0.6909,0.9207,0,binary_classification,smote
rt_bin_class_mlp_sklearn,banknote_authentication,1,1,1,1,1,0,binary_classification,smote
rt_bin_class_mlp_sklearn,blood_transfusion,0.7467,0.525,0.4884,0.5676,0.7481,0,binary_classification,smote
rt_bin_class_mlp_sklearn,breast_cancer,0.9649,0.9535,0.9535,0.9535,0.9944,0,binary_classification,smote
rt_bin_class_mlp_sklearn,climate_simulation_crashes,0.9352,0.9637,0.9789,0.949,0.9663,0,binary_classification,smote
rt_bin_class_mlp_sklearn,concentric_spheres,0.9517,0.949,0.9574,0.9408,0.9864,0,binary_classification,smote
rt_bin_class_mlp_sklearn,coupon_recommendations,0.728,0.7609,0.7434,0.7793,0.7963,0,binary_classification,smote
rt_bin_class_mlp_sklearn,credit_approval,0.8261,0.831,0.7973,0.8676,0.8682,0,binary_classification,smote
rt_bin_class_mlp_sklearn,cylinder_bands,0.8241,0.8504,0.806,0.9,0.8929,0,binary_classification,smote
rt_bin_class_mlp_sklearn,eeg_eye_state,0.8405,0.829,0.8362,0.822,0.9258,0,binary_classification,smote
rt_bin_class_mlp_sklearn,electrical_grid,0.9565,0.9666,0.9707,0.9625,0.994,0,binary_classification,smote
rt_bin_class_mlp_sklearn,employee_attrition,0.9673,0.9312,0.9234,0.9391,0.9824,0,binary_classification,smote
rt_bin_class_mlp_sklearn,image_segmentation,0.9978,0.9912,1,0.9825,1,0,binary_classification,smote
rt_bin_class_mlp_sklearn,mushroom,1,1,1,1,1,0,binary_classification,smote
rt_bin_class_mlp_sklearn,nba,0.6911,0.7419,0.7823,0.7055,0.7395,0,binary_classification,smote
rt_bin_class_mlp_sklearn,online_shopping,0.8642,0.5797,0.5984,0.562,0.8483,0,binary_classification,smote
rt_bin_class_mlp_sklearn,ozone_level,0.925,0.4242,0.4242,0.4242,0.8708,0,binary_classification,smote
rt_bin_class_mlp_sklearn,pc2,0.9902,0,0,0,0.4259,0,binary_classification,smote
rt_bin_class_mlp_sklearn,phishing_websites,0.9634,0.9678,0.9644,0.9713,0.9942,0,binary_classification,smote
rt_bin_class_mlp_sklearn,qsar_biodegradation,0.9005,0.8627,0.8462,0.88,0.9428,0,binary_classification,smote
rt_bin_class_mlp_sklearn,satellite,0.9892,0.7179,0.6667,0.7778,0.9351,0,binary_classification,smote
rt_bin_class_mlp_sklearn,seismic_bumps,0.8723,0.1538,0.1463,0.1622,0.5978,0,binary_classification,smote
rt_bin_class_mlp_sklearn,spambase,0.9533,0.9439,0.9602,0.9282,0.98,0,binary_classification,smote
rt_bin_class_mlp_sklearn,spiral,0.52,0.4783,0.4783,0.4783,0.5233,0,binary_classification,smote
rt_bin_class_mlp_sklearn,telco_churn,0.7424,0.5653,0.5108,0.6327,0.8035,0,binary_classification,smote
rt_bin_class_mlp_sklearn,thoracic_surgery,0.7234,0.8267,0.8267,0.8267,0.494,0,binary_classification,smote
rt_bin_class_mlp_sklearn,thyroid_disease,0.9775,0.7952,0.7333,0.8684,0.992,0,binary_classification,smote
rt_bin_class_mlp_sklearn,titanic,0.7748,0.7378,0.7757,0.7034,0.8345,0,binary_classification,smote
rt_bin_class_mlp_sklearn,wilt,0.9845,0.8624,0.8103,0.9216,0.9972,0,binary_classification,smote
rt_bin_class_mlp_sklearn,xor,0.87,0.8689,0.8853,0.8531,0.9561,0,binary_classification,smote
rt_bin_class_naive_bayes_sklearn,auction,0.8215,0.1978,0.25,0.1636,0.7466,0,binary_classification,no-smote
rt_bin_class_naive_bayes_sklearn,banknote_authentication,0.7964,0.7607,0.8318,0.7008,0.9265,0,binary_classification,no-smote
rt_bin_class_naive_bayes_sklearn,blood_transfusion,0.7533,0.2449,0.5,0.1622,0.7343,0,binary_classification,no-smote
rt_bin_class_naive_bayes_sklearn,breast_cancer,0.9474,0.9286,0.9512,0.907,0.9957,0,binary_classification,no-smote
rt_bin_class_naive_bayes_sklearn,climate_simulation_crashes,0.9444,0.97,0.951,0.9898,0.9673,0,binary_classification,no-smote
rt_bin_class_naive_bayes_sklearn,concentric_spheres,0.9283,0.9257,0.9178,0.9338,0.9682,0,binary_classification,no-smote
rt_bin_class_naive_bayes_sklearn,coupon_recommendations,0.6453,0.6824,0.6786,0.6863,0.6793,0,binary_classification,no-smote
rt_bin_class_naive_bayes_sklearn,credit_approval,0.7681,0.7714,0.75,0.7941,0.7998,0,binary_classification,no-smote
rt_bin_class_naive_bayes_sklearn,cylinder_bands,0.6574,0.7582,0.6237,0.9667,0.6188,0,binary_classification,no-smote
rt_bin_class_naive_bayes_sklearn,eeg_eye_state,0.485,0.6407,0.4769,0.9759,0.5309,0,binary_classification,no-smote
rt_bin_class_naive_bayes_sklearn,electrical_grid,0.8385,0.8806,0.8519,0.9112,0.9143,0,binary_classification,no-smote
rt_bin_class_naive_bayes_sklearn,employee_attrition,0.7647,0.5956,0.5,0.7365,0.8183,0,binary_classification,no-smote
rt_bin_class_naive_bayes_sklearn,image_segmentation,0.881,0.6707,0.5091,0.9825,0.986,0,binary_classification,no-smote
rt_bin_class_naive_bayes_sklearn,mushroom,0.9803,0.9794,0.987,0.9719,0.9841,0,binary_classification,no-smote
rt_bin_class_naive_bayes_sklearn,nba,0.6448,0.6714,0.8034,0.5767,0.7208,0,binary_classification,no-smote
rt_bin_class_naive_bayes_sklearn,online_shopping,0.7084,0.4662,0.3355,0.764,0.7997,0,binary_classification,no-smote
rt_bin_class_naive_bayes_sklearn,ozone_level,0.7239,0.2784,0.1677,0.8182,0.7925,0,binary_classification,no-smote
rt_bin_class_naive_bayes_sklearn,pc2,0.924,0.0659,0.0345,0.75,0.8307,0,binary_classification,no-smote
rt_bin_class_naive_bayes_sklearn,phishing_websites,0.7929,0.7807,0.9784,0.6494,0.9517,0,binary_classification,no-smote
rt_bin_class_naive_bayes_sklearn,qsar_biodegradation,0.782,0.7653,0.6198,1,0.8432,0,binary_classification,no-smote
rt_bin_class_naive_bayes_sklearn,satellite,0.9451,0.3488,0.2206,0.8333,0.9331,0,binary_classification,no-smote
rt_bin_class_naive_bayes_sklearn,seismic_bumps,0.8453,0.2982,0.2208,0.4595,0.786,0,binary_classification,no-smote
rt_bin_class_naive_bayes_sklearn,spambase,0.8295,0.823,0.7344,0.9359,0.8575,0,binary_classification,no-smote
rt_bin_class_naive_bayes_sklearn,spiral,0.46,0.449,0.4231,0.4783,0.5,0,binary_classification,no-smote
rt_bin_class_naive_bayes_sklearn,telco_churn,0.6182,0.5654,0.4046,0.9383,0.8311,0,binary_classification,no-smote
rt_bin_class_naive_bayes_sklearn,thoracic_surgery,0.2234,0.1609,0.5833,0.0933,0.4842,0,binary_classification,no-smote
rt_bin_class_naive_bayes_sklearn,thyroid_disease,0.3536,0.1317,0.0706,0.9737,0.6653,0,binary_classification,no-smote
rt_bin_class_naive_bayes_sklearn,titanic,0.4924,0.6396,0.4701,1,0.8174,0,binary_classification,no-smote
rt_bin_class_naive_bayes_sklearn,wilt,0.9494,0.4096,0.5312,0.3333,0.8299,0,binary_classification,no-smote
rt_bin_class_naive_bayes_sklearn,xor,0.4817,0.2734,0.468,0.1931,0.5034,0,binary_classification,no-smote
rt_bin_class_naive_bayes_sklearn,auction,0.7164,0.3626,0.2598,0.6,0.7482,0,binary_classification,smote
rt_bin_class_naive_bayes_sklearn,banknote_authentication,0.7927,0.7615,0.8125,0.7165,0.9257,0,binary_classification,smote
rt_bin_class_naive_bayes_sklearn,blood_transfusion,0.62,0.4956,0.3684,0.7568,0.7398,0,binary_classification,smote
rt_bin_class_naive_bayes_sklearn,breast_cancer,0.9474,0.9286,0.9512,0.907,0.9884,0,binary_classification,smote
rt_bin_class_naive_bayes_sklearn,climate_simulation_crashes,0.9167,0.9548,0.9406,0.9694,0.9378,0,binary_classification,smote
rt_bin_class_naive_bayes_sklearn,concentric_spheres,0.93,0.9273,0.921,0.9338,0.9712,0,binary_classification,smote
rt_bin_class_naive_bayes_sklearn,coupon_recommendations,0.6516,0.6832,0.6901,0.6764,0.6837,0,binary_classification,smote
rt_bin_class_naive_bayes_sklearn,credit_approval,0.7391,0.7429,0.7222,0.7647,0.7869,0,binary_classification,smote
rt_bin_class_naive_bayes_sklearn,cylinder_bands,0.6574,0.7582,0.6237,0.9667,0.6066,0,binary_classification,smote
rt_bin_class_naive_bayes_sklearn,eeg_eye_state,0.4843,0.6404,0.4766,0.9759,0.5217,0,binary_classification,smote
rt_bin_class_naive_bayes_sklearn,electrical_grid,0.816,0.85,0.9093,0.798,0.911,0,binary_classification,smote
rt_bin_class_naive_bayes_sklearn,employee_attrition,0.633,0.5285,0.3788,0.8739,0.8152,0,binary_classification,smote
rt_bin_class_naive_bayes_sklearn,image_segmentation,0.8636,0.64,0.4746,0.9825,0.9825,0,binary_classification,smote
rt_bin_class_naive_bayes_sklearn,mushroom,0.9803,0.9794,0.987,0.9719,0.9841,0,binary_classification,smote
rt_bin_class_naive_bayes_sklearn,nba,0.6409,0.6618,0.8125,0.5583,0.7216,0,binary_classification,smote
rt_bin_class_naive_bayes_sklearn,online_shopping,0.644,0.4131,0.2848,0.7518,0.7634,0,binary_classification,smote
rt_bin_class_naive_bayes_sklearn,ozone_level,0.7298,0.2751,0.1667,0.7879,0.7902,0,binary_classification,smote
rt_bin_class_naive_bayes_sklearn,pc2,0.8998,0.0508,0.0263,0.75,0.832,0,binary_classification,smote
rt_bin_class_naive_bayes_sklearn,phishing_websites,0.7888,0.7752,0.9793,0.6414,0.9515,0,binary_classification,smote
rt_bin_class_naive_bayes_sklearn,qsar_biodegradation,0.782,0.7629,0.6218,0.9867,0.8441,0,binary_classification,smote
rt_bin_class_naive_bayes_sklearn,satellite,0.9245,0.2936,0.1758,0.8889,0.9698,0,binary_classification,smote
rt_bin_class_naive_bayes_sklearn,seismic_bumps,0.7814,0.2803,0.1833,0.5946,0.7415,0,binary_classification,smote
rt_bin_class_naive_bayes_sklearn,spambase,0.8274,0.8207,0.7324,0.9333,0.8548,0,binary_classification,smote
rt_bin_class_naive_bayes_sklearn,spiral,0.46,0.4255,0.4167,0.4348,0.4928,0,binary_classification,smote
rt_bin_class_naive_bayes_sklearn,telco_churn,0.6026,0.5584,0.3955,0.9491,0.823,0,binary_classification,smote
rt_bin_class_naive_bayes_sklearn,thoracic_surgery,0.2553,0.1463,0.8571,0.08,0.5954,0,binary_classification,smote
rt_bin_class_naive_bayes_sklearn,thyroid_disease,0.3762,0.1358,0.073,0.9737,0.6758,0,binary_classification,smote
rt_bin_class_naive_bayes_sklearn,titanic,0.4924,0.6396,0.4701,1,0.8166,0,binary_classification,smote
rt_bin_class_naive_bayes_sklearn,wilt,0.6353,0.1959,0.1108,0.8431,0.8276,0,binary_classification,smote
rt_bin_class_naive_bayes_sklearn,xor,0.5208,0.4758,0.5316,0.4307,0.5046,0,binary_classification,smote
rt_bin_class_rf_hyperopt,auction,0.9878,0.9533,0.9808,0.9273,0.9983,0,binary_classification,no-smote
rt_bin_class_rf_hyperopt,banknote_authentication,0.9927,0.9921,1,0.9843,1,0,binary_classification,no-smote
rt_bin_class_rf_hyperopt,blood_transfusion,0.74,0.339,0.4545,0.2703,0.644,0,binary_classification,no-smote
rt_bin_class_rf_hyperopt,breast_cancer,0.9649,0.9524,0.9756,0.9302,0.9944,0,binary_classification,no-smote
rt_bin_class_rf_hyperopt,climate_simulation_crashes,0.9167,0.9561,0.9159,1,0.8939,0,binary_classification,no-smote
rt_bin_class_rf_hyperopt,concentric_spheres,0.9567,0.955,0.9485,0.9617,0.9902,0,binary_classification,no-smote
rt_bin_class_rf_hyperopt,coupon_recommendations,0.7406,0.7785,0.7406,0.8204,0.8121,0,binary_classification,no-smote
rt_bin_class_rf_hyperopt,credit_approval,0.8696,0.8714,0.8472,0.8971,0.9118,0,binary_classification,no-smote
rt_bin_class_rf_hyperopt,cylinder_bands,0.8241,0.8613,0.7662,0.9833,0.9309,0,binary_classification,no-smote
rt_bin_class_rf_hyperopt,eeg_eye_state,0.9202,0.9122,0.9459,0.8809,0.9792,0,binary_classification,no-smote
rt_bin_class_rf_hyperopt,electrical_grid,0.9175,0.9372,0.9326,0.9419,0.9749,0,binary_classification,no-smote
rt_bin_class_rf_hyperopt,employee_attrition,0.9857,0.9691,0.9839,0.9547,0.989,0,binary_classification,no-smote
rt_bin_class_rf_hyperopt,image_segmentation,0.9957,0.9821,1,0.9649,0.9999,0,binary_classification,no-smote
rt_bin_class_rf_hyperopt,mushroom,1,1,1,1,1,0,binary_classification,no-smote
rt_bin_class_rf_hyperopt,nba,0.722,0.7831,0.7692,0.7975,0.7736,0,binary_classification,no-smote
rt_bin_class_rf_hyperopt,online_shopping,0.8921,0.6077,0.7715,0.5012,0.9181,0,binary_classification,no-smote
rt_bin_class_rf_hyperopt,ozone_level,0.9428,0.2162,1,0.1212,0.9277,0,binary_classification,no-smote
rt_bin_class_rf_hyperopt,pc2,0.9946,0,0,0,0.8421,0,binary_classification,no-smote
rt_bin_class_rf_hyperopt,phishing_websites,0.9688,0.9727,0.9655,0.9801,0.9956,0,binary_classification,no-smote
rt_bin_class_rf_hyperopt,qsar_biodegradation,0.891,0.8456,0.8514,0.84,0.9398,0,binary_classification,no-smote
rt_bin_class_rf_hyperopt,satellite,0.9941,0.8125,0.9286,0.7222,0.967,0,binary_classification,no-smote
rt_bin_class_rf_hyperopt,seismic_bumps,0.9304,0.0526,1,0.027,0.7276,0,binary_classification,no-smote
rt_bin_class_rf_hyperopt,spambase,0.9533,0.9433,0.9702,0.9179,0.9867,0,binary_classification,no-smote
rt_bin_class_rf_hyperopt,spiral,0.92,0.913,0.913,0.913,0.9742,0,binary_classification,no-smote
rt_bin_class_rf_hyperopt,telco_churn,0.7935,0.5544,0.6464,0.4853,0.8425,0,binary_classification,no-smote
rt_bin_class_rf_hyperopt,thoracic_surgery,0.7979,0.8876,0.7979,1,0.5228,0,binary_classification,no-smote
rt_bin_class_rf_hyperopt,thyroid_disease,0.9828,0.8219,0.8571,0.7895,0.9972,0,binary_classification,no-smote
rt_bin_class_rf_hyperopt,titanic,0.7595,0.7042,0.7895,0.6356,0.8497,0,binary_classification,no-smote
rt_bin_class_rf_hyperopt,wilt,0.9814,0.7907,0.9714,0.6667,0.993,0,binary_classification,no-smote
rt_bin_class_rf_hyperopt,xor,0.735,0.7211,0.7697,0.6782,0.7968,0,binary_classification,no-smote
rt_bin_class_rf_hyperopt,auction,0.9902,0.963,0.9811,0.9455,0.9979,0,binary_classification,smote
rt_bin_class_rf_hyperopt,banknote_authentication,0.9964,0.9961,0.9922,1,0.9999,0,binary_classification,smote
rt_bin_class_rf_hyperopt,blood_transfusion,0.6733,0.3467,0.3421,0.3514,0.6399,0,binary_classification,smote
rt_bin_class_rf_hyperopt,breast_cancer,0.9737,0.9655,0.9545,0.9767,0.9977,0,binary_classification,smote
rt_bin_class_rf_hyperopt,climate_simulation_crashes,0.9167,0.9552,0.932,0.9796,0.9643,0,binary_classification,smote
rt_bin_class_rf_hyperopt,concentric_spheres,0.95,0.9479,0.9446,0.9512,0.99,0,binary_classification,smote
rt_bin_class_rf_hyperopt,coupon_recommendations,0.7351,0.7686,0.7465,0.7921,0.809,0,binary_classification,smote
rt_bin_class_rf_hyperopt,credit_approval,0.8623,0.8633,0.8451,0.8824,0.9098,0,binary_classification,smote
rt_bin_class_rf_hyperopt,cylinder_bands,0.8148,0.8485,0.7778,0.9333,0.9238,0,binary_classification,smote
rt_bin_class_rf_hyperopt,eeg_eye_state,0.9249,0.9187,0.9366,0.9014,0.9799,0,binary_classification,smote
rt_bin_class_rf_hyperopt,electrical_grid,0.9085,0.9293,0.9391,0.9197,0.972,0,binary_classification,smote
rt_bin_class_rf_hyperopt,employee_attrition,0.9857,0.9691,0.9825,0.9561,0.9903,0,binary_classification,smote
rt_bin_class_rf_hyperopt,image_segmentation,0.9957,0.9825,0.9825,0.9825,1,0,binary_classification,smote
rt_bin_class_rf_hyperopt,mushroom,1,1,1,1,1,0,binary_classification,smote
rt_bin_class_rf_hyperopt,nba,0.7297,0.7785,0.8039,0.7546,0.7578,0,binary_classification,smote
rt_bin_class_rf_hyperopt,online_shopping,0.884,0.6587,0.6464,0.6715,0.9216,0,binary_classification,smote
rt_bin_class_rf_hyperopt,ozone_level,0.927,0.2745,0.3889,0.2121,0.8944,0,binary_classification,smote
rt_bin_class_rf_hyperopt,pc2,0.9955,0,0,0,0.72,0,binary_classification,smote
rt_bin_class_rf_hyperopt,phishing_websites,0.9692,0.9731,0.967,0.9793,0.9956,0,binary_classification,smote
rt_bin_class_rf_hyperopt,qsar_biodegradation,0.8957,0.8553,0.8442,0.8667,0.9394,0,binary_classification,smote
rt_bin_class_rf_hyperopt,satellite,0.9931,0.7586,1,0.6111,0.965,0,binary_classification,smote
rt_bin_class_rf_hyperopt,seismic_bumps,0.913,0.2105,0.3,0.1622,0.7393,0,binary_classification,smote
rt_bin_class_rf_hyperopt,spambase,0.9587,0.9503,0.9706,0.9308,0.9881,0,binary_classification,smote
rt_bin_class_rf_hyperopt,spiral,0.96,0.9565,0.9565,0.9565,0.9887,0,binary_classification,smote
rt_bin_class_rf_hyperopt,telco_churn,0.7786,0.5818,0.5818,0.5818,0.8315,0,binary_classification,smote
rt_bin_class_rf_hyperopt,thoracic_surgery,0.7766,0.8727,0.8,0.96,0.5302,0,binary_classification,smote
rt_bin_class_rf_hyperopt,thyroid_disease,0.9868,0.8649,0.8889,0.8421,0.9968,0,binary_classification,smote
rt_bin_class_rf_hyperopt,titanic,0.7672,0.7163,0.7938,0.6525,0.8472,0,binary_classification,smote
rt_bin_class_rf_hyperopt,wilt,0.9845,0.8421,0.9091,0.7843,0.9894,0,binary_classification,smote
rt_bin_class_rf_hyperopt,xor,0.7092,0.6984,0.7332,0.6667,0.7869,0,binary_classification,smote
rt_bin_class_simple_ann_pt_cpu,auction,0.9022,0.5833,0.6829,0.5091,0.8959,0,binary_classification,no-smote
rt_bin_class_simple_ann_pt_cpu,banknote_authentication,0.9964,0.996,1,0.9921,1,0,binary_classification,no-smote
rt_bin_class_simple_ann_pt_cpu,blood_transfusion,0.76,0.25,0.5455,0.1622,0.7507,0,binary_classification,no-smote
rt_bin_class_simple_ann_pt_cpu,breast_cancer,0.9737,0.9655,0.9545,0.9767,0.9954,0,binary_classification,no-smote
rt_bin_class_simple_ann_pt_cpu,climate_simulation_crashes,0.9167,0.9529,0.9785,0.9286,0.9658,0,binary_classification,no-smote
rt_bin_class_simple_ann_pt_cpu,concentric_spheres,0.9317,0.9274,0.9424,0.9129,0.9817,0,binary_classification,no-smote
rt_bin_class_simple_ann_pt_cpu,coupon_recommendations,0.7261,0.755,0.75,0.7601,0.78,0,binary_classification,no-smote
rt_bin_class_simple_ann_pt_cpu,credit_approval,0.8333,0.8271,0.8462,0.8088,0.9084,0,binary_classification,no-smote
rt_bin_class_simple_ann_pt_cpu,cylinder_bands,0.75,0.7874,0.7463,0.8333,0.8483,0,binary_classification,no-smote
rt_bin_class_simple_ann_pt_cpu,eeg_eye_state,0.9089,0.9036,0.9001,0.9071,0.9693,0,binary_classification,no-smote
rt_bin_class_simple_ann_pt_cpu,electrical_grid,0.951,0.9626,0.9597,0.9656,0.9932,0,binary_classification,no-smote
rt_bin_class_simple_ann_pt_cpu,employee_attrition,0.965,0.9257,0.925,0.9263,0.9846,0,binary_classification,no-smote
rt_bin_class_simple_ann_pt_cpu,image_segmentation,0.9978,0.9912,1,0.9825,1,0,binary_classification,no-smote
rt_bin_class_simple_ann_pt_cpu,mushroom,1,1,1,1,1,0,binary_classification,no-smote
rt_bin_class_simple_ann_pt_cpu,nba,0.7143,0.7811,0.7543,0.8098,0.763,0,binary_classification,no-smote
rt_bin_class_simple_ann_pt_cpu,online_shopping,0.8933,0.6489,0.7189,0.5912,0.9055,0,binary_classification,no-smote
rt_bin_class_simple_ann_pt_cpu,ozone_level,0.9132,0.2143,0.2609,0.1818,0.8457,0,binary_classification,no-smote
rt_bin_class_simple_ann_pt_cpu,pc2,0.9964,0,0,0,0.7694,0,binary_classification,no-smote
rt_bin_class_simple_ann_pt_cpu,phishing_websites,0.9625,0.9673,0.9564,0.9785,0.9939,0,binary_classification,no-smote
rt_bin_class_simple_ann_pt_cpu,qsar_biodegradation,0.8768,0.8243,0.8356,0.8133,0.9322,0,binary_classification,no-smote
rt_bin_class_simple_ann_pt_cpu,satellite,0.9912,0.7429,0.7647,0.7222,0.9406,0,binary_classification,no-smote
rt_bin_class_simple_ann_pt_cpu,seismic_bumps,0.9284,0.0513,0.5,0.027,0.756,0,binary_classification,no-smote
rt_bin_class_simple_ann_pt_cpu,spambase,0.9501,0.9404,0.9503,0.9308,0.9812,0,binary_classification,no-smote
rt_bin_class_simple_ann_pt_cpu,spiral,0.48,0.4583,0.44,0.4783,0.5072,0,binary_classification,no-smote
rt_bin_class_simple_ann_pt_cpu,telco_churn,0.8141,0.6124,0.6832,0.555,0.8544,0,binary_classification,no-smote
rt_bin_class_simple_ann_pt_cpu,thoracic_surgery,0.7979,0.8876,0.7979,1,0.4014,0,binary_classification,no-smote
rt_bin_class_simple_ann_pt_cpu,thyroid_disease,0.9881,0.8831,0.8718,0.8947,0.9941,0,binary_classification,no-smote
rt_bin_class_simple_ann_pt_cpu,titanic,0.7824,0.7164,0.8675,0.6102,0.8535,0,binary_classification,no-smote
rt_bin_class_simple_ann_pt_cpu,wilt,0.9835,0.8222,0.9487,0.7255,0.9976,0,binary_classification,no-smote
rt_bin_class_simple_ann_pt_cpu,xor,0.9808,0.9811,0.9771,0.9851,0.9988,0,binary_classification,no-smote
rt_bin_class_simple_ann_pt_cpu,auction,0.9291,0.729,0.75,0.7091,0.9498,0,binary_classification,smote
rt_bin_class_simple_ann_pt_cpu,banknote_authentication,0.9964,0.996,1,0.9921,1,0,binary_classification,smote
rt_bin_class_simple_ann_pt_cpu,blood_transfusion,0.68,0.5102,0.4098,0.6757,0.7417,0,binary_classification,smote
rt_bin_class_simple_ann_pt_cpu,breast_cancer,0.9737,0.9655,0.9545,0.9767,0.9954,0,binary_classification,smote
rt_bin_class_simple_ann_pt_cpu,climate_simulation_crashes,0.9074,0.9474,0.9783,0.9184,0.9582,0,binary_classification,smote
rt_bin_class_simple_ann_pt_cpu,concentric_spheres,0.95,0.9466,0.9673,0.9268,0.9851,0,binary_classification,smote
rt_bin_class_simple_ann_pt_cpu,coupon_recommendations,0.7209,0.7543,0.7379,0.7715,0.7844,0,binary_classification,smote
rt_bin_class_simple_ann_pt_cpu,credit_approval,0.8261,0.8154,0.8548,0.7794,0.8884,0,binary_classification,smote
rt_bin_class_simple_ann_pt_cpu,cylinder_bands,0.713,0.7395,0.7458,0.7333,0.8227,0,binary_classification,smote
rt_bin_class_simple_ann_pt_cpu,eeg_eye_state,0.8795,0.8725,0.8691,0.8759,0.9558,0,binary_classification,smote
rt_bin_class_simple_ann_pt_cpu,electrical_grid,0.957,0.9671,0.9664,0.9679,0.9936,0,binary_classification,smote
rt_bin_class_simple_ann_pt_cpu,employee_attrition,0.9707,0.9388,0.9221,0.9561,0.9857,0,binary_classification,smote
rt_bin_class_simple_ann_pt_cpu,image_segmentation,0.9978,0.9912,1,0.9825,1,0,binary_classification,smote
rt_bin_class_simple_ann_pt_cpu,mushroom,1,1,1,1,1,0,binary_classification,smote
rt_bin_class_simple_ann_pt_cpu,nba,0.6564,0.7082,0.7606,0.6626,0.7322,0,binary_classification,smote
rt_bin_class_simple_ann_pt_cpu,online_shopping,0.8646,0.6052,0.5885,0.6229,0.8845,0,binary_classification,smote
rt_bin_class_simple_ann_pt_cpu,ozone_level,0.9073,0.3733,0.3333,0.4242,0.8652,0,binary_classification,smote
rt_bin_class_simple_ann_pt_cpu,pc2,0.9893,0,0,0,0.5134,0,binary_classification,smote
rt_bin_class_simple_ann_pt_cpu,phishing_websites,0.9629,0.9675,0.9622,0.9729,0.9938,0,binary_classification,smote
rt_bin_class_simple_ann_pt_cpu,qsar_biodegradation,0.8815,0.8387,0.8125,0.8667,0.9359,0,binary_classification,smote
rt_bin_class_simple_ann_pt_cpu,satellite,0.9882,0.7,0.6364,0.7778,0.9402,0,binary_classification,smote
rt_bin_class_simple_ann_pt_cpu,seismic_bumps,0.8743,0.2169,0.1957,0.2432,0.6752,0,binary_classification,smote
rt_bin_class_simple_ann_pt_cpu,spambase,0.9479,0.9381,0.943,0.9333,0.9836,0,binary_classification,smote
rt_bin_class_simple_ann_pt_cpu,spiral,0.46,0.449,0.4231,0.4783,0.4976,0,binary_classification,smote
rt_bin_class_simple_ann_pt_cpu,telco_churn,0.741,0.5913,0.5077,0.7078,0.8148,0,binary_classification,smote
rt_bin_class_simple_ann_pt_cpu,thoracic_surgery,0.7021,0.8133,0.8133,0.8133,0.4902,0,binary_classification,smote
rt_bin_class_simple_ann_pt_cpu,thyroid_disease,0.9735,0.7674,0.6875,0.8684,0.98,0,binary_classification,smote
rt_bin_class_simple_ann_pt_cpu,titanic,0.7748,0.7306,0.7921,0.678,0.8336,0,binary_classification,smote
rt_bin_class_simple_ann_pt_cpu,wilt,0.9773,0.78,0.7959,0.7647,0.9897,0,binary_classification,smote
rt_bin_class_simple_ann_pt_cpu,xor,0.9817,0.982,0.9756,0.9884,0.999,0,binary_classification,smote
rt_bin_class_stacking_sklearn,auction,0.9853,0.9434,0.9804,0.9091,0.9973,0,binary_classification,no-smote
rt_bin_class_stacking_sklearn,banknote_authentication,1,1,1,1,1,0,binary_classification,no-smote
rt_bin_class_stacking_sklearn,blood_transfusion,0.7467,0.2083,0.4545,0.1351,0.7157,0,binary_classification,no-smote
rt_bin_class_stacking_sklearn,breast_cancer,0.9561,0.9425,0.9318,0.9535,0.9967,0,binary_classification,no-smote
rt_bin_class_stacking_sklearn,climate_simulation_crashes,0.9444,0.97,0.951,0.9898,0.9694,0,binary_classification,no-smote
rt_bin_class_stacking_sklearn,concentric_spheres,0.9667,0.9649,0.9717,0.9582,0.9934,0,binary_classification,no-smote
rt_bin_class_stacking_sklearn,coupon_recommendations,0.7588,0.7908,0.7627,0.8211,0.8301,0,binary_classification,no-smote
rt_bin_class_stacking_sklearn,credit_approval,0.8551,0.8529,0.8529,0.8529,0.9127,0,binary_classification,no-smote
rt_bin_class_stacking_sklearn,cylinder_bands,0.8333,0.8615,0.8,0.9333,0.9333,0,binary_classification,no-smote
rt_bin_class_stacking_sklearn,eeg_eye_state,0.9329,0.9281,0.9358,0.9206,0.984,0,binary_classification,no-smote
rt_bin_class_stacking_sklearn,electrical_grid,0.962,0.9708,0.9746,0.9671,0.9946,0,binary_classification,no-smote
rt_bin_class_stacking_sklearn,employee_attrition,0.986,0.9698,0.9854,0.9547,0.9902,0,binary_classification,no-smote
rt_bin_class_stacking_sklearn,image_segmentation,0.9957,0.9821,1,0.9649,0.9998,0,binary_classification,no-smote
rt_bin_class_stacking_sklearn,mushroom,1,1,1,1,1,0,binary_classification,no-smote
rt_bin_class_stacking_sklearn,nba,0.7297,0.7929,0.7657,0.8221,0.7731,0,binary_classification,no-smote
rt_bin_class_stacking_sklearn,online_shopping,0.8913,0.6182,0.7457,0.528,0.9224,0,binary_classification,no-smote
rt_bin_class_stacking_sklearn,ozone_level,0.9329,0.32,0.4706,0.2424,0.9266,0,binary_classification,no-smote
rt_bin_class_stacking_sklearn,pc2,0.9964,0,0,0,0.7196,0,binary_classification,no-smote
rt_bin_class_stacking_sklearn,phishing_websites,0.9688,0.9727,0.9647,0.9809,0.9959,0,binary_classification,no-smote
rt_bin_class_stacking_sklearn,qsar_biodegradation,0.8957,0.8533,0.8533,0.8533,0.9482,0,binary_classification,no-smote
rt_bin_class_stacking_sklearn,satellite,0.9951,0.8387,1,0.7222,0.9644,0,binary_classification,no-smote
rt_bin_class_stacking_sklearn,seismic_bumps,0.9323,0.1026,1,0.0541,0.7937,0,binary_classification,no-smote
rt_bin_class_stacking_sklearn,spambase,0.9663,0.9594,0.9812,0.9385,0.9881,0,binary_classification,no-smote
rt_bin_class_stacking_sklearn,spiral,0.96,0.9545,1,0.913,0.9919,0,binary_classification,no-smote
rt_bin_class_stacking_sklearn,telco_churn,0.8119,0.6131,0.6731,0.563,0.8637,0,binary_classification,no-smote
rt_bin_class_stacking_sklearn,thoracic_surgery,0.7979,0.8876,0.7979,1,0.4979,0,binary_classification,no-smote
rt_bin_class_stacking_sklearn,thyroid_disease,0.9894,0.8947,0.8947,0.8947,0.9972,0,binary_classification,no-smote
rt_bin_class_stacking_sklearn,titanic,0.771,0.7,0.8537,0.5932,0.8713,0,binary_classification,no-smote
rt_bin_class_stacking_sklearn,wilt,0.9835,0.8261,0.9268,0.7451,0.9975,0,binary_classification,no-smote
rt_bin_class_stacking_sklearn,xor,0.8942,0.8935,0.908,0.8795,0.9672,0,binary_classification,no-smote
rt_bin_class_stacking_sklearn,auction,0.9829,0.932,1,0.8727,0.9964,0,binary_classification,smote
rt_bin_class_stacking_sklearn,banknote_authentication,1,1,1,1,1,0,binary_classification,smote
rt_bin_class_stacking_sklearn,blood_transfusion,0.6933,0.4103,0.3902,0.4324,0.6594,0,binary_classification,smote
rt_bin_class_stacking_sklearn,breast_cancer,0.9561,0.9425,0.9318,0.9535,0.9967,0,binary_classification,smote
rt_bin_class_stacking_sklearn,climate_simulation_crashes,0.9352,0.9648,0.9505,0.9796,0.9673,0,binary_classification,smote
rt_bin_class_stacking_sklearn,concentric_spheres,0.965,0.9631,0.9716,0.9547,0.993,0,binary_classification,smote
rt_bin_class_stacking_sklearn,coupon_recommendations,0.7552,0.7871,0.7613,0.8148,0.8253,0,binary_classification,smote
rt_bin_class_stacking_sklearn,credit_approval,0.8551,0.8529,0.8529,0.8529,0.9127,0,binary_classification,smote
rt_bin_class_stacking_sklearn,cylinder_bands,0.8333,0.8615,0.8,0.9333,0.933,0,binary_classification,smote
rt_bin_class_stacking_sklearn,eeg_eye_state,0.9282,0.9227,0.9358,0.9099,0.9843,0,binary_classification,smote
rt_bin_class_stacking_sklearn,electrical_grid,0.957,0.9672,0.9643,0.9702,0.9931,0,binary_classification,smote
rt_bin_class_stacking_sklearn,employee_attrition,0.985,0.9678,0.9769,0.9589,0.9901,0,binary_classification,smote
rt_bin_class_stacking_sklearn,image_segmentation,0.9978,0.9912,1,0.9825,0.9999,0,binary_classification,smote
rt_bin_class_stacking_sklearn,mushroom,1,1,1,1,1,0,binary_classification,smote
rt_bin_class_stacking_sklearn,nba,0.7259,0.7815,0.784,0.7791,0.7769,0,binary_classification,smote
rt_bin_class_stacking_sklearn,online_shopping,0.8788,0.5976,0.6687,0.5401,0.8935,0,binary_classification,smote
rt_bin_class_stacking_sklearn,ozone_level,0.9389,0.3673,0.5625,0.2727,0.8688,0,binary_classification,smote
rt_bin_class_stacking_sklearn,pc2,0.9964,0,0,0,0.9246,0,binary_classification,smote
rt_bin_class_stacking_sklearn,phishing_websites,0.9701,0.9738,0.9692,0.9785,0.9962,0,binary_classification,smote
rt_bin_class_stacking_sklearn,qsar_biodegradation,0.9005,0.8627,0.8462,0.88,0.945,0,binary_classification,smote
rt_bin_class_stacking_sklearn,satellite,0.9941,0.8125,0.9286,0.7222,0.9664,0,binary_classification,smote
rt_bin_class_stacking_sklearn,seismic_bumps,0.9052,0.1404,0.2,0.1081,0.6999,0,binary_classification,smote
rt_bin_class_stacking_sklearn,spambase,0.962,0.9542,0.9733,0.9359,0.9886,0,binary_classification,smote
rt_bin_class_stacking_sklearn,spiral,0.96,0.9565,0.9565,0.9565,0.9936,0,binary_classification,smote
rt_bin_class_stacking_sklearn,telco_churn,0.775,0.5204,0.5972,0.4611,0.8187,0,binary_classification,smote
rt_bin_class_stacking_sklearn,thoracic_surgery,0.766,0.8675,0.7912,0.96,0.5256,0,binary_classification,smote
rt_bin_class_stacking_sklearn,thyroid_disease,0.9815,0.8108,0.8333,0.7895,0.9943,0,binary_classification,smote
rt_bin_class_stacking_sklearn,titanic,0.771,0.7196,0.8021,0.6525,0.8583,0,binary_classification,smote
rt_bin_class_stacking_sklearn,wilt,0.9814,0.8085,0.8837,0.7451,0.9945,0,binary_classification,smote
rt_bin_class_stacking_sklearn,xor,0.885,0.8863,0.8849,0.8878,0.9651,0,binary_classification,smote
rt_bin_class_svc_sklearn,auction,0.8826,0.4545,0.6061,0.3636,0.8117,0,binary_classification,no-smote
rt_bin_class_svc_sklearn,banknote_authentication,1,1,1,1,1,0,binary_classification,no-smote
rt_bin_class_svc_sklearn,blood_transfusion,0.7533,0.2128,0.5,0.1351,0.6833,0,binary_classification,no-smote
rt_bin_class_svc_sklearn,breast_cancer,0.9561,0.9425,0.9318,0.9535,0.9954,0,binary_classification,no-smote
rt_bin_class_svc_sklearn,climate_simulation_crashes,0.9444,0.9694,0.9694,0.9694,0.9622,0,binary_classification,no-smote
rt_bin_class_svc_sklearn,concentric_spheres,0.96,0.9579,0.9647,0.9512,0.9866,0,binary_classification,no-smote
rt_bin_class_svc_sklearn,coupon_recommendations,0.7418,0.7774,0.7458,0.8119,0.8147,0,binary_classification,no-smote
rt_bin_class_svc_sklearn,credit_approval,0.8478,0.8489,0.831,0.8676,0.9058,0,binary_classification,no-smote
rt_bin_class_svc_sklearn,cylinder_bands,0.8241,0.855,0.7887,0.9333,0.9139,0,binary_classification,no-smote
rt_bin_class_svc_sklearn,eeg_eye_state,0.725,0.6774,0.7561,0.6135,0.8111,0,binary_classification,no-smote
rt_bin_class_svc_sklearn,electrical_grid,0.9505,0.9621,0.9639,0.9602,0.9924,0,binary_classification,no-smote
rt_bin_class_svc_sklearn,employee_attrition,0.9627,0.9191,0.9381,0.9008,0.9738,0,binary_classification,no-smote
rt_bin_class_svc_sklearn,image_segmentation,0.9957,0.9821,1,0.9649,0.9995,0,binary_classification,no-smote
rt_bin_class_svc_sklearn,mushroom,1,1,1,1,1,0,binary_classification,no-smote
rt_bin_class_svc_sklearn,nba,0.722,0.7907,0.7514,0.8344,0.7635,0,binary_classification,no-smote
rt_bin_class_svc_sklearn,online_shopping,0.8808,0.5477,0.7448,0.4331,0.8728,0,binary_classification,no-smote
rt_bin_class_svc_sklearn,ozone_level,0.9329,0.2609,0.4615,0.1818,0.9089,0,binary_classification,no-smote
rt_bin_class_svc_sklearn,pc2,0.9964,0,0,0,0.6713,0,binary_classification,no-smote
rt_bin_class_svc_sklearn,phishing_websites,0.9597,0.9649,0.9555,0.9745,0.9904,0,binary_classification,no-smote
rt_bin_class_svc_sklearn,qsar_biodegradation,0.8957,0.8553,0.8442,0.8667,0.9407,0,binary_classification,no-smote
rt_bin_class_svc_sklearn,satellite,0.9951,0.8387,1,0.7222,0.9834,0,binary_classification,no-smote
rt_bin_class_svc_sklearn,seismic_bumps,0.9284,0,0,0,0.6155,0,binary_classification,no-smote
rt_bin_class_svc_sklearn,spambase,0.9435,0.9319,0.9519,0.9128,0.9833,0,binary_classification,no-smote
rt_bin_class_svc_sklearn,spiral,0.54,0.5306,0.5,0.5652,0.5443,0,binary_classification,no-smote
rt_bin_class_svc_sklearn,telco_churn,0.8133,0.5778,0.72,0.4826,0.8104,0,binary_classification,no-smote
rt_bin_class_svc_sklearn,thoracic_surgery,0.7979,0.8876,0.7979,1,0.4161,0,binary_classification,no-smote
rt_bin_class_svc_sklearn,thyroid_disease,0.9828,0.8312,0.8205,0.8421,0.9856,0,binary_classification,no-smote
rt_bin_class_svc_sklearn,titanic,0.7672,0.7053,0.8202,0.6186,0.7971,0,binary_classification,no-smote
rt_bin_class_svc_sklearn,wilt,0.9845,0.8387,0.9286,0.7647,0.9957,0,binary_classification,no-smote
rt_bin_class_svc_sklearn,xor,0.7133,0.6838,0.7718,0.6139,0.7973,0,binary_classification,no-smote
rt_bin_class_svc_sklearn,breast_cancer,0.9561,0.9425,0.9318,0.9535,0.9951,0,binary_classification,smote
rt_bin_class_svc_sklearn,concentric_spheres,0.965,0.963,0.975,0.9512,0.9864,0,binary_classification,smote
rt_bin_class_svc_sklearn,coupon_recommendations,0.7414,0.77,0.7609,0.7793,0.8115,0,binary_classification,smote
rt_bin_class_svc_sklearn,credit_approval,0.8696,0.8676,0.8676,0.8676,0.9056,0,binary_classification,smote
rt_bin_class_svc_sklearn,electrical_grid,0.9525,0.9636,0.9662,0.961,0.9929,0,binary_classification,smote
rt_bin_class_svc_sklearn,employee_attrition,0.9517,0.9003,0.8745,0.9278,0.978,0,binary_classification,smote
rt_bin_class_svc_sklearn,image_segmentation,0.9978,0.9912,1,0.9825,0.9998,0,binary_classification,smote
rt_bin_class_svc_sklearn,mushroom,1,1,1,1,1,0,binary_classification,smote
rt_bin_class_svc_sklearn,nba,0.6873,0.7327,0.7929,0.681,0.7649,0,binary_classification,smote
rt_bin_class_svc_sklearn,online_shopping,0.8747,0.6199,0.6269,0.6131,0.8938,0,binary_classification,smote
rt_bin_class_svc_sklearn,spambase,0.9425,0.9325,0.9266,0.9385,0.9842,0,binary_classification,smote
rt_bin_class_svc_sklearn,spiral,0.54,0.5306,0.5,0.5652,0.5588,0,binary_classification,smote
rt_bin_class_svc_sklearn,telco_churn,0.7786,0.6372,0.5626,0.7346,0.8345,0,binary_classification,smote
rt_bin_class_svc_sklearn,titanic,0.7786,0.7456,0.7727,0.7203,0.8084,0,binary_classification,smote
rt_bin_class_svc_sklearn,xor,0.6967,0.6829,0.7232,0.6469,0.7967,0,binary_classification,smote
rt_bin_class_svc_sklearn,auction,0.8044,0.5062,0.3832,0.7455,0.8639,0,binary_classification,smote
rt_bin_class_svc_sklearn,banknote_authentication,1,1,1,1,1,0,binary_classification,smote
rt_bin_class_svc_sklearn,blood_transfusion,0.6733,0.5149,0.4062,0.7027,0.6922,0,binary_classification,smote
rt_bin_class_svc_sklearn,climate_simulation_crashes,0.9352,0.9655,0.9333,1,0.9602,0,binary_classification,smote
rt_bin_class_svc_sklearn,cylinder_bands,0.8056,0.8372,0.7826,0.9,0.9201,0,binary_classification,smote
rt_bin_class_svc_sklearn,eeg_eye_state,0.7286,0.7126,0.7104,0.7149,0.8133,0,binary_classification,smote
rt_bin_class_svc_sklearn,ozone_level,0.929,0.5385,0.4667,0.6364,0.902,0,binary_classification,smote
rt_bin_class_svc_sklearn,qsar_biodegradation,0.872,0.828,0.7927,0.8667,0.9329,0,binary_classification,smote
rt_bin_class_svc_sklearn,pc2,0.9776,0.0741,0.0435,0.25,0.7047,0,binary_classification,smote
rt_bin_class_svc_sklearn,phishing_websites,0.9607,0.9655,0.962,0.9689,0.991,0,binary_classification,smote
rt_bin_class_svc_sklearn,satellite,0.9902,0.7222,0.7222,0.7222,0.9398,0,binary_classification,smote
rt_bin_class_svc_sklearn,seismic_bumps,0.8433,0.243,0.1857,0.3514,0.6592,0,binary_classification,smote
rt_bin_class_svc_sklearn,thoracic_surgery,0.6702,0.7919,0.7973,0.7867,0.44,0,binary_classification,smote
rt_bin_class_svc_sklearn,thyroid_disease,0.9762,0.7955,0.7,0.9211,0.9861,0,binary_classification,smote
rt_bin_class_svc_sklearn,wilt,0.9845,0.8571,0.8333,0.8824,0.9951,0,binary_classification,smote
rt_bin_class_xgboost_shapley,auction,1,1,1,1,1,0,binary_classification,no-smote
rt_bin_class_xgboost_shapley,banknote_authentication,0.9927,0.9921,1,0.9843,1,0,binary_classification,no-smote
rt_bin_class_xgboost_shapley,blood_transfusion,0.7067,0.4054,0.4054,0.4054,0.6592,0,binary_classification,no-smote
rt_bin_class_xgboost_shapley,breast_cancer,0.9561,0.9412,0.9524,0.9302,0.9915,0,binary_classification,no-smote
rt_bin_class_xgboost_shapley,climate_simulation_crashes,0.9352,0.9645,0.9596,0.9694,0.9704,0,binary_classification,no-smote
rt_bin_class_xgboost_shapley,concentric_spheres,0.9617,0.9599,0.9615,0.9582,0.9948,0,binary_classification,no-smote
rt_bin_class_xgboost_shapley,coupon_recommendations,0.7513,0.7798,0.7672,0.7928,0.8223,0,binary_classification,no-smote
rt_bin_class_xgboost_shapley,credit_approval,0.8333,0.8392,0.8,0.8824,0.8947,0,binary_classification,no-smote
rt_bin_class_xgboost_shapley,cylinder_bands,0.8426,0.8682,0.8116,0.9333,0.8998,0,binary_classification,no-smote
rt_bin_class_xgboost_shapley,eeg_eye_state,0.9359,0.9316,0.9362,0.927,0.9846,0,binary_classification,no-smote
rt_bin_class_xgboost_shapley,electrical_grid,0.945,0.9574,0.9687,0.9464,0.9886,0,binary_classification,no-smote
rt_bin_class_xgboost_shapley,employee_attrition,0.9823,0.9624,0.9644,0.9603,0.9916,0,binary_classification,no-smote
rt_bin_class_xgboost_shapley,image_segmentation,0.9957,0.9825,0.9825,0.9825,0.9865,0,binary_classification,no-smote
rt_bin_class_xgboost_shapley,mushroom,1,1,1,1,1,0,binary_classification,no-smote
rt_bin_class_xgboost_shapley,nba,0.6873,0.7538,0.747,0.7607,0.7267,0,binary_classification,no-smote
rt_bin_class_xgboost_shapley,online_shopping,0.8792,0.6256,0.6468,0.6058,0.9138,0,binary_classification,no-smote
rt_bin_class_xgboost_shapley,ozone_level,0.9329,0.4687,0.4839,0.4545,0.8989,0,binary_classification,no-smote
rt_bin_class_xgboost_shapley,pc2,0.9937,0,0,0,0.7154,0,binary_classification,no-smote
rt_bin_class_xgboost_shapley,phishing_websites,0.9697,0.9735,0.9648,0.9825,0.9956,0,binary_classification,no-smote
rt_bin_class_xgboost_shapley,qsar_biodegradation,0.8673,0.8133,0.8133,0.8133,0.9248,0,binary_classification,no-smote
rt_bin_class_xgboost_shapley,satellite,0.9941,0.8125,0.9286,0.7222,0.9851,0,binary_classification,no-smote
rt_bin_class_xgboost_shapley,seismic_bumps,0.8859,0.2133,0.2105,0.2162,0.6927,0,binary_classification,no-smote
rt_bin_class_xgboost_shapley,spambase,0.9587,0.9509,0.9583,0.9436,0.9879,0,binary_classification,no-smote
rt_bin_class_xgboost_shapley,spiral,0.88,0.8696,0.8696,0.8696,0.9388,0,binary_classification,no-smote
rt_bin_class_xgboost_shapley,telco_churn,0.78,0.6026,0.5774,0.63,0.8324,0,binary_classification,no-smote
rt_bin_class_xgboost_shapley,thoracic_surgery,0.7553,0.8571,0.8023,0.92,0.5249,0,binary_classification,no-smote
rt_bin_class_xgboost_shapley,thyroid_disease,0.9894,0.8974,0.875,0.9211,0.9969,0,binary_classification,no-smote
rt_bin_class_xgboost_shapley,titanic,0.7786,0.7364,0.7941,0.6864,0.8464,0,binary_classification,no-smote
rt_bin_class_xgboost_shapley,wilt,0.9866,0.8738,0.8654,0.8824,0.9903,0,binary_classification,no-smote
rt_bin_class_xgboost_shapley,xor,0.4925,0.4835,0.4974,0.4703,0.4902,0,binary_classification,no-smote
rt_bin_class_xgboost_shapley,auction,1,1,1,1,1,0,binary_classification,smote
rt_bin_class_xgboost_shapley,banknote_authentication,0.9927,0.9921,1,0.9843,1,0,binary_classification,smote
rt_bin_class_xgboost_shapley,blood_transfusion,0.7067,0.4054,0.4054,0.4054,0.6592,0,binary_classification,smote
rt_bin_class_xgboost_shapley,breast_cancer,0.9649,0.9535,0.9535,0.9535,0.9925,0,binary_classification,smote
rt_bin_class_xgboost_shapley,climate_simulation_crashes,0.9352,0.9645,0.9596,0.9694,0.9704,0,binary_classification,smote
rt_bin_class_xgboost_shapley,concentric_spheres,0.9617,0.9599,0.9615,0.9582,0.9948,0,binary_classification,smote
rt_bin_class_xgboost_shapley,coupon_recommendations,0.7513,0.7798,0.7672,0.7928,0.8223,0,binary_classification,smote
rt_bin_class_xgboost_shapley,credit_approval,0.8333,0.8392,0.8,0.8824,0.8947,0,binary_classification,smote
rt_bin_class_xgboost_shapley,cylinder_bands,0.8426,0.8682,0.8116,0.9333,0.8998,0,binary_classification,smote
rt_bin_class_xgboost_shapley,eeg_eye_state,0.9359,0.9316,0.9362,0.927,0.9846,0,binary_classification,smote
rt_bin_class_xgboost_shapley,electrical_grid,0.945,0.9574,0.9687,0.9464,0.9886,0,binary_classification,smote
rt_bin_class_xgboost_shapley,employee_attrition,0.9823,0.9624,0.9644,0.9603,0.9916,0,binary_classification,smote
rt_bin_class_xgboost_shapley,image_segmentation,0.9957,0.9825,0.9825,0.9825,0.9865,0,binary_classification,smote
rt_bin_class_xgboost_shapley,mushroom,1,1,1,1,1,0,binary_classification,smote
rt_bin_class_xgboost_shapley,nba,0.6873,0.7538,0.747,0.7607,0.7267,0,binary_classification,smote
rt_bin_class_xgboost_shapley,online_shopping,0.8792,0.6256,0.6468,0.6058,0.9138,0,binary_classification,smote
rt_bin_class_xgboost_shapley,ozone_level,0.929,0.4194,0.4483,0.3939,0.897,0,binary_classification,smote
rt_bin_class_xgboost_shapley,pc2,0.9937,0,0,0,0.7154,0,binary_classification,smote
rt_bin_class_xgboost_shapley,phishing_websites,0.9697,0.9735,0.9648,0.9825,0.9956,0,binary_classification,smote
rt_bin_class_xgboost_shapley,qsar_biodegradation,0.8673,0.8133,0.8133,0.8133,0.9248,0,binary_classification,smote
rt_bin_class_xgboost_shapley,satellite,0.9941,0.8125,0.9286,0.7222,0.9851,0,binary_classification,smote
rt_bin_class_xgboost_shapley,seismic_bumps,0.8859,0.2133,0.2105,0.2162,0.6927,0,binary_classification,smote
rt_bin_class_xgboost_shapley,spambase,0.9587,0.9509,0.9583,0.9436,0.9879,0,binary_classification,smote
rt_bin_class_xgboost_shapley,spiral,0.88,0.8696,0.8696,0.8696,0.9388,0,binary_classification,smote
rt_bin_class_xgboost_shapley,telco_churn,0.78,0.6026,0.5774,0.63,0.8324,0,binary_classification,smote
rt_bin_class_xgboost_shapley,thoracic_surgery,0.7553,0.8571,0.8023,0.92,0.5249,0,binary_classification,smote
rt_bin_class_xgboost_shapley,thyroid_disease,0.9894,0.8974,0.875,0.9211,0.9969,0,binary_classification,smote
rt_bin_class_xgboost_shapley,titanic,0.7786,0.7364,0.7941,0.6864,0.8464,0,binary_classification,smote
rt_bin_class_xgboost_shapley,wilt,0.9866,0.8738,0.8654,0.8824,0.9903,0,binary_classification,smote
rt_bin_class_xgboost_shapley,xor,0.4925,0.4835,0.4974,0.4703,0.4902,0,binary_classification,smote