model,dataset,accuracy,f1_score,precision,recall,auc_score,scenario
rt_bin_class_adaboost_sklearn,abalone,0.744,0.3851,0.2538,0.7976,0.8545,smote
rt_bin_class_catboost,abalone,0.7955,0.3958,0.2814,0.6667,0.8621,smote
rt_bin_class_decision_tree_sklearn,abalone,0.8493,0.25,0.25,0.25,0.5831,smote
rt_bin_class_ebm_interpretml,abalone,0.8624,0.3915,0.3524,0.4405,0.8316,smote
rt_bin_class_extra_trees_sklearn,abalone,0.8756,0.2973,0.3438,0.2619,0.8351,smote
rt_bin_class_knn_sklearn,abalone,0.7943,0.3582,0.2609,0.5714,0.7487,smote
rt_bin_class_lightgbm,abalone,0.8696,0.3842,0.3656,0.4048,0.8358,smote
rt_bin_class_logistic_regression_sklearn,abalone,0.7165,0.368,0.2371,0.8214,0.8403,smote
rt_bin_class_mlp_sklearn,abalone,0.799,0.4362,0.3037,0.7738,0.8472,smote
rt_bin_class_naive_bayes_sklearn,abalone,0.6998,0.3613,0.2298,0.8452,0.8222,smote
rt_bin_class_rf_hyperopt,abalone,0.872,0.3436,0.3544,0.3333,0.8384,smote
rt_bin_class_simple_ann_pt_cpu,abalone,0.8086,0.4161,0.3,0.6786,0.8214,smote
rt_bin_class_stacking_sklearn,abalone,0.8756,0.2239,0.3,0.1786,0.7259,smote
rt_bin_class_svc_sklearn,abalone,0.7811,0.4153,0.2838,0.7738,0.8582,smote
rt_bin_class_xgboost_shapley,abalone,0.866,0.2911,0.3108,0.2738,0.8196,smote
rt_bin_class_adaboost_sklearn,abalone,0.744,0.3851,0.2538,0.7976,0.8545,no-smote
rt_bin_class_catboost,abalone,0.8983,0,0,0,0.8573,no-smote
rt_bin_class_decision_tree_sklearn,abalone,0.8493,0.241,0.2439,0.2381,0.5778,no-smote
rt_bin_class_ebm_interpretml,abalone,0.8624,0.3915,0.3524,0.4405,0.8316,no-smote
rt_bin_class_extra_trees_sklearn,abalone,0.8911,0.1333,0.3333,0.0833,0.8309,no-smote
rt_bin_class_knn_sklearn,abalone,0.8804,0.1935,0.3,0.1429,0.7438,no-smote
rt_bin_class_lightgbm,abalone,0.872,0.1705,0.2444,0.131,0.8389,no-smote
rt_bin_class_logistic_regression_sklearn,abalone,0.8971,0,0,0,0.8416,no-smote
rt_bin_class_mlp_sklearn,abalone,0.8971,0,0,0,0.8536,no-smote
rt_bin_class_naive_bayes_sklearn,abalone,0.7285,0.3677,0.24,0.7857,0.8209,no-smote
rt_bin_class_rf_hyperopt,abalone,0.8983,0.1748,0.4737,0.1071,0.8193,no-smote
rt_bin_class_simple_ann_pt_cpu,abalone,0.8959,0.0225,0.2,0.0119,0.8571,no-smote
rt_bin_class_stacking_sklearn,abalone,0.8971,0.0227,0.25,0.0119,0.858,no-smote
rt_bin_class_svc_sklearn,abalone,0.8971,0,0,0,0.7492,no-smote
rt_bin_class_xgboost_shapley,abalone,0.866,0.2911,0.3108,0.2738,0.8196,no-smote
rt_bin_class_adaboost_sklearn,auction,0.8264,0.5535,0.4231,0.8,0.9122,no-smote
rt_bin_class_adaboost_sklearn,auction,0.8264,0.5535,0.4231,0.8,0.9122,smote
rt_bin_class_catboost,auction,0.9927,0.972,1,0.9455,0.9956,no-smote
rt_bin_class_catboost,auction,0.9804,0.9298,0.8983,0.9636,0.9982,smote
rt_bin_class_decision_tree_sklearn,auction,1,1,1,1,1,no-smote
rt_bin_class_decision_tree_sklearn,auction,0.9951,0.9815,1,0.9636,0.9818,smote
rt_bin_class_ebm_interpretml,auction,0.9976,0.991,0.9821,1,1,no-smote
rt_bin_class_ebm_interpretml,auction,0.9976,0.991,0.9821,1,1,smote
rt_bin_class_extra_trees_sklearn,auction,0.9487,0.764,1,0.6182,0.9886,no-smote
rt_bin_class_extra_trees_sklearn,auction,0.9413,0.7391,0.9189,0.6182,0.9894,smote
rt_bin_class_knn_sklearn,auction,0.8704,0.3117,0.5455,0.2182,0.7642,no-smote
rt_bin_class_knn_sklearn,auction,0.8191,0.4308,0.3733,0.5091,0.7546,smote
rt_bin_class_lightgbm,auction,0.9976,0.9908,1,0.9818,1,no-smote
rt_bin_class_lightgbm,auction,1,1,1,1,1,smote
rt_bin_class_logistic_regression_sklearn,auction,0.8655,0.0984,0.5,0.0545,0.7658,no-smote
rt_bin_class_logistic_regression_sklearn,auction,0.6724,0.3796,0.2547,0.7455,0.7697,smote
rt_bin_class_mlp_sklearn,auction,0.9022,0.5652,0.7027,0.4727,0.8899,no-smote
rt_bin_class_mlp_sklearn,auction,0.8851,0.6179,0.5588,0.6909,0.9207,smote
rt_bin_class_naive_bayes_sklearn,auction,0.8215,0.1978,0.25,0.1636,0.7466,no-smote
rt_bin_class_naive_bayes_sklearn,auction,0.7164,0.3626,0.2598,0.6,0.7482,smote
rt_bin_class_rf_hyperopt,auction,0.9878,0.9533,0.9808,0.9273,0.9983,no-smote
rt_bin_class_rf_hyperopt,auction,0.9902,0.963,0.9811,0.9455,0.9979,smote
rt_bin_class_simple_ann_pt_cpu,auction,0.9022,0.5833,0.6829,0.5091,0.8959,no-smote
rt_bin_class_simple_ann_pt_cpu,auction,0.9291,0.729,0.75,0.7091,0.9498,smote
rt_bin_class_stacking_sklearn,auction,0.9853,0.9434,0.9804,0.9091,0.9973,no-smote
rt_bin_class_stacking_sklearn,auction,0.9829,0.932,1,0.8727,0.9964,smote
rt_bin_class_svc_sklearn,auction,0.8826,0.4545,0.6061,0.3636,0.8117,no-smote
rt_bin_class_svc_sklearn,auction,0.8044,0.5062,0.3832,0.7455,0.8639,smote
rt_bin_class_xgboost_shapley,auction,1,1,1,1,1,no-smote
rt_bin_class_xgboost_shapley,auction,1,1,1,1,1,smote
rt_bin_class_adaboost_sklearn,car_eval_34,0.9335,0.7089,0.549,1,0.9935,smote
rt_bin_class_catboost,car_eval_34,0.9769,0.875,0.7778,1,0.9984,smote
rt_bin_class_decision_tree_sklearn,car_eval_34,0.9711,0.8485,0.7368,1,0.9843,smote
rt_bin_class_ebm_interpretml,car_eval_34,0.9913,0.9492,0.9032,1,0.9996,smote
rt_bin_class_extra_trees_sklearn,car_eval_34,0.9653,0.8125,0.7222,0.9286,0.9946,smote
rt_bin_class_knn_sklearn,car_eval_34,0.9046,0.5926,0.4528,0.8571,0.9484,smote
rt_bin_class_lightgbm,car_eval_34,0.974,0.8525,0.7879,0.9286,0.997,smote
rt_bin_class_logistic_regression_sklearn,car_eval_34,0.9711,0.8485,0.7368,1,0.9956,smote
rt_bin_class_mlp_sklearn,car_eval_34,0.9798,0.8889,0.8,1,0.9993,smote
rt_bin_class_naive_bayes_sklearn,car_eval_34,0.9017,0.6222,0.4516,1,0.9465,smote
rt_bin_class_rf_hyperopt,car_eval_34,0.974,0.8421,0.8276,0.8571,0.9942,smote
rt_bin_class_simple_ann_pt_cpu,car_eval_34,0.9798,0.8889,0.8,1,0.9989,smote
rt_bin_class_stacking_sklearn,car_eval_34,0.974,0.8571,0.7714,0.9643,0.9978,smote
rt_bin_class_svc_sklearn,car_eval_34,0.9682,0.8254,0.7429,0.9286,0.9978,smote
rt_bin_class_xgboost_shapley,car_eval_34,0.9855,0.918,0.8485,1,0.9996,smote
rt_bin_class_adaboost_sklearn,car_eval_34,0.9335,0.7089,0.549,1,0.9935,no-smote
rt_bin_class_catboost,car_eval_34,0.9711,0.8387,0.7647,0.9286,0.9975,no-smote
rt_bin_class_decision_tree_sklearn,car_eval_34,0.9653,0.8,0.75,0.8571,0.916,no-smote
rt_bin_class_ebm_interpretml,car_eval_34,0.9913,0.9492,0.9032,1,0.9996,no-smote
rt_bin_class_extra_trees_sklearn,car_eval_34,0.9653,0.8065,0.7353,0.8929,0.9937,no-smote
rt_bin_class_knn_sklearn,car_eval_34,0.9595,0.7083,0.85,0.6071,0.9725,no-smote
rt_bin_class_lightgbm,car_eval_34,0.9855,0.9123,0.8966,0.9286,0.9979,no-smote
rt_bin_class_logistic_regression_sklearn,car_eval_34,0.9798,0.8772,0.8621,0.8929,0.9965,no-smote
rt_bin_class_mlp_sklearn,car_eval_34,0.9855,0.9153,0.871,0.9643,0.9992,no-smote
rt_bin_class_naive_bayes_sklearn,car_eval_34,0.9017,0.6222,0.4516,1,0.9465,no-smote
rt_bin_class_rf_hyperopt,car_eval_34,0.9711,0.8333,0.7812,0.8929,0.9937,no-smote
rt_bin_class_simple_ann_pt_cpu,car_eval_34,0.9798,0.8852,0.8182,0.9643,0.9985,no-smote
rt_bin_class_stacking_sklearn,car_eval_34,0.9769,0.8667,0.8125,0.9286,0.9973,no-smote
rt_bin_class_svc_sklearn,car_eval_34,0.9595,0.7879,0.6842,0.9286,0.9912,no-smote
rt_bin_class_xgboost_shapley,car_eval_34,0.9855,0.918,0.8485,1,0.9996,no-smote
rt_bin_class_adaboost_sklearn,chess,0.9639,0.6441,0.475,1,0.9968,smote
rt_bin_class_catboost,chess,0.9948,0.9268,0.8636,1,0.9996,smote
rt_bin_class_decision_tree_sklearn,chess,0.9897,0.85,0.8095,0.8947,0.9438,smote
rt_bin_class_ebm_interpretml,chess,0.9948,0.9268,0.8636,1,0.9994,smote
rt_bin_class_extra_trees_sklearn,chess,0.9931,0.8947,0.8947,0.8947,0.998,smote
rt_bin_class_knn_sklearn,chess,0.9604,0.623,0.4524,1,0.9867,smote
rt_bin_class_lightgbm,chess,0.9948,0.9268,0.8636,1,0.9993,smote
rt_bin_class_logistic_regression_sklearn,chess,0.9862,0.8182,0.72,0.9474,0.9982,smote
rt_bin_class_mlp_sklearn,chess,0.9966,0.95,0.9048,1,0.9993,smote
rt_bin_class_naive_bayes_sklearn,chess,0.9002,0.3095,0.2,0.6842,0.7958,smote
rt_bin_class_rf_hyperopt,chess,0.9897,0.8421,0.8421,0.8421,0.9977,smote
rt_bin_class_simple_ann_pt_cpu,chess,0.9966,0.9474,0.9474,0.9474,0.9996,smote
rt_bin_class_stacking_sklearn,chess,0.9966,0.95,0.9048,1,0.9984,smote
rt_bin_class_svc_sklearn,chess,0.9966,0.95,0.9048,1,0.9984,smote
rt_bin_class_xgboost_shapley,chess,0.9931,0.9048,0.8261,1,0.9995,smote
rt_bin_class_adaboost_sklearn,chess,0.9639,0.6441,0.475,1,0.9968,no-smote
rt_bin_class_catboost,chess,0.9931,0.8889,0.9412,0.8421,0.9994,no-smote
rt_bin_class_decision_tree_sklearn,chess,0.9828,0.75,0.7143,0.7895,0.8894,no-smote
rt_bin_class_ebm_interpretml,chess,0.9948,0.9268,0.8636,1,0.9994,no-smote
rt_bin_class_extra_trees_sklearn,chess,0.9897,0.8333,0.8824,0.7895,0.9964,no-smote
rt_bin_class_knn_sklearn,chess,0.9828,0.6875,0.8462,0.5789,0.9954,no-smote
rt_bin_class_lightgbm,chess,0.9948,0.9231,0.9,0.9474,0.9998,no-smote
rt_bin_class_logistic_regression_sklearn,chess,0.9862,0.75,0.9231,0.6316,0.9966,no-smote
rt_bin_class_mlp_sklearn,chess,0.9983,0.973,1,0.9474,0.9998,no-smote
rt_bin_class_naive_bayes_sklearn,chess,0.8864,0.3654,0.2235,1,0.9413,no-smote
rt_bin_class_rf_hyperopt,chess,0.9914,0.8571,0.9375,0.7895,0.9961,no-smote
rt_bin_class_simple_ann_pt_cpu,chess,0.9983,0.973,1,0.9474,0.9993,no-smote
rt_bin_class_stacking_sklearn,chess,0.9931,0.8889,0.9412,0.8421,0.9993,no-smote
rt_bin_class_svc_sklearn,chess,0.9931,0.8889,0.9412,0.8421,0.9993,no-smote
rt_bin_class_xgboost_shapley,chess,0.9931,0.9048,0.8261,1,0.9995,no-smote
rt_bin_class_adaboost_sklearn,climate_simulation_crashes,0.9167,0.9529,0.9785,0.9286,0.9694,no-smote
rt_bin_class_adaboost_sklearn,climate_simulation_crashes,0.9167,0.9529,0.9785,0.9286,0.9694,smote
rt_bin_class_catboost,climate_simulation_crashes,0.9352,0.9655,0.9333,1,0.9724,no-smote
rt_bin_class_catboost,climate_simulation_crashes,0.9444,0.9694,0.9694,0.9694,0.9745,smote
rt_bin_class_decision_tree_sklearn,climate_simulation_crashes,0.9074,0.95,0.9314,0.9694,0.6347,no-smote
rt_bin_class_decision_tree_sklearn,climate_simulation_crashes,0.8889,0.9381,0.9479,0.9286,0.7143,smote
rt_bin_class_ebm_interpretml,climate_simulation_crashes,0.9352,0.9645,0.9596,0.9694,0.9663,no-smote
rt_bin_class_ebm_interpretml,climate_simulation_crashes,0.9352,0.9645,0.9596,0.9694,0.9663,smote
rt_bin_class_extra_trees_sklearn,climate_simulation_crashes,0.9074,0.9515,0.9074,1,0.9628,no-smote
rt_bin_class_extra_trees_sklearn,climate_simulation_crashes,0.9259,0.9604,0.9327,0.9898,0.9413,smote
rt_bin_class_knn_sklearn,climate_simulation_crashes,0.9074,0.951,0.9151,0.9898,0.7561,no-smote
rt_bin_class_knn_sklearn,climate_simulation_crashes,0.7407,0.8353,0.9861,0.7245,0.8087,smote
rt_bin_class_lightgbm,climate_simulation_crashes,0.9259,0.96,0.9412,0.9796,0.9724,no-smote
rt_bin_class_lightgbm,climate_simulation_crashes,0.9352,0.9648,0.9505,0.9796,0.9709,smote
rt_bin_class_logistic_regression_sklearn,climate_simulation_crashes,0.9259,0.9596,0.95,0.9694,0.9765,no-smote
rt_bin_class_logistic_regression_sklearn,climate_simulation_crashes,0.8981,0.9412,0.9888,0.898,0.9714,smote
rt_bin_class_mlp_sklearn,climate_simulation_crashes,0.9444,0.97,0.951,0.9898,0.9735,no-smote
rt_bin_class_mlp_sklearn,climate_simulation_crashes,0.9352,0.9637,0.9789,0.949,0.9663,smote
rt_bin_class_naive_bayes_sklearn,climate_simulation_crashes,0.9444,0.97,0.951,0.9898,0.9673,no-smote
rt_bin_class_naive_bayes_sklearn,climate_simulation_crashes,0.9167,0.9548,0.9406,0.9694,0.9378,smote
rt_bin_class_rf_hyperopt,climate_simulation_crashes,0.9167,0.9561,0.9159,1,0.8939,no-smote
rt_bin_class_rf_hyperopt,climate_simulation_crashes,0.9167,0.9552,0.932,0.9796,0.9643,smote
rt_bin_class_simple_ann_pt_cpu,climate_simulation_crashes,0.9167,0.9529,0.9785,0.9286,0.9658,no-smote
rt_bin_class_simple_ann_pt_cpu,climate_simulation_crashes,0.9074,0.9474,0.9783,0.9184,0.9582,smote
rt_bin_class_stacking_sklearn,climate_simulation_crashes,0.9444,0.97,0.951,0.9898,0.9694,no-smote
rt_bin_class_stacking_sklearn,climate_simulation_crashes,0.9352,0.9648,0.9505,0.9796,0.9673,smote
rt_bin_class_svc_sklearn,climate_simulation_crashes,0.9444,0.9694,0.9694,0.9694,0.9622,no-smote
rt_bin_class_svc_sklearn,climate_simulation_crashes,0.9352,0.9655,0.9333,1,0.9602,smote
rt_bin_class_xgboost_shapley,climate_simulation_crashes,0.9352,0.9645,0.9596,0.9694,0.9704,no-smote
rt_bin_class_xgboost_shapley,climate_simulation_crashes,0.9352,0.9645,0.9596,0.9694,0.9704,smote
rt_bin_class_adaboost_sklearn,club_loan,0.6414,0.3525,0.2474,0.6131,0.6761,smote
rt_bin_class_catboost,club_loan,0.7516,0.2654,0.2507,0.282,0.6529,smote
rt_bin_class_decision_tree_sklearn,club_loan,0.7088,0.2185,0.1907,0.2557,0.5251,smote
rt_bin_class_ebm_interpretml,club_loan,0.7777,0.2082,0.2403,0.1836,0.6005,smote
rt_bin_class_extra_trees_sklearn,club_loan,0.7965,0.1447,0.2185,0.1082,0.6275,smote
rt_bin_class_knn_sklearn,club_loan,0.6289,0.2708,0.197,0.4328,0.5768,smote
rt_bin_class_lightgbm,club_loan,0.8006,0.1803,0.2609,0.1377,0.6251,smote
rt_bin_class_logistic_regression_sklearn,club_loan,0.702,0.3368,0.2608,0.4754,0.6738,smote
rt_bin_class_mlp_sklearn,club_loan,0.726,0.2616,0.2291,0.3049,0.5927,smote
rt_bin_class_naive_bayes_sklearn,club_loan,0.607,0.3424,0.2333,0.6426,0.6583,smote
rt_bin_class_rf_hyperopt,club_loan,0.7975,0.1917,0.2629,0.1508,0.637,smote
rt_bin_class_simple_ann_pt_cpu,club_loan,0.737,0.2632,0.2375,0.2951,0.6105,smote
rt_bin_class_stacking_sklearn,club_loan,0.8085,0.1678,0.2721,0.1213,0.6086,smote
rt_bin_class_svc_sklearn,club_loan,0.7062,0.2864,0.2335,0.3705,0.6354,smote
rt_bin_class_xgboost_shapley,club_loan,0.798,0.1677,0.2438,0.1279,0.5955,smote
rt_bin_class_adaboost_sklearn,club_loan,0.6409,0.3485,0.245,0.6033,0.6761,no-smote
rt_bin_class_catboost,club_loan,0.8377,0.0489,0.3636,0.0262,0.6879,no-smote
rt_bin_class_decision_tree_sklearn,club_loan,0.7249,0.2329,0.2094,0.2623,0.5374,no-smote
rt_bin_class_ebm_interpretml,club_loan,0.7777,0.2082,0.2403,0.1836,0.6005,no-smote
rt_bin_class_extra_trees_sklearn,club_loan,0.834,0.0756,0.3333,0.0426,0.6503,no-smote
rt_bin_class_knn_sklearn,club_loan,0.8178,0.0888,0.2179,0.0557,0.5783,no-smote
rt_bin_class_lightgbm,club_loan,0.8304,0.1047,0.3276,0.0623,0.64,no-smote
rt_bin_class_logistic_regression_sklearn,club_loan,0.8403,0.0613,0.4762,0.0328,0.709,no-smote
rt_bin_class_mlp_sklearn,club_loan,0.8085,0.1716,0.2754,0.1246,0.5798,no-smote
rt_bin_class_naive_bayes_sklearn,club_loan,0.7578,0.3256,0.2924,0.3672,0.6767,no-smote
rt_bin_class_rf_hyperopt,club_loan,0.8429,0.0505,0.6667,0.0262,0.6714,no-smote
rt_bin_class_simple_ann_pt_cpu,club_loan,0.8361,0.113,0.4082,0.0656,0.6938,no-smote
rt_bin_class_stacking_sklearn,club_loan,0.8398,0.0836,0.4667,0.0459,0.7002,no-smote
rt_bin_class_svc_sklearn,club_loan,0.8413,0.0318,0.5556,0.0164,0.592,no-smote
rt_bin_class_xgboost_shapley,club_loan,0.798,0.1677,0.2438,0.1279,0.5955,no-smote
rt_bin_class_adaboost_sklearn,coil_2000,0.7115,0.1888,0.1138,0.5546,0.6935,smote
rt_bin_class_catboost,coil_2000,0.9216,0.1538,0.2222,0.1176,0.6997,smote
rt_bin_class_decision_tree_sklearn,coil_2000,0.8753,0.1343,0.1159,0.1597,0.5428,smote
rt_bin_class_ebm_interpretml,coil_2000,0.9206,0.0714,0.1224,0.0504,0.6598,smote
rt_bin_class_extra_trees_sklearn,coil_2000,0.9104,0.12,0.1481,0.1008,0.6491,smote
rt_bin_class_knn_sklearn,coil_2000,0.7725,0.1453,0.0941,0.3193,0.5899,smote
rt_bin_class_lightgbm,coil_2000,0.9282,0.135,0.25,0.0924,0.6896,smote
rt_bin_class_logistic_regression_sklearn,coil_2000,0.6692,0.1834,0.1078,0.6134,0.7012,smote
rt_bin_class_mlp_sklearn,coil_2000,0.8962,0.113,0.1171,0.1092,0.5828,smote
rt_bin_class_naive_bayes_sklearn,coil_2000,0.1293,0.1185,0.0631,0.9664,0.5553,smote
rt_bin_class_rf_hyperopt,coil_2000,0.9196,0.1319,0.1905,0.1008,0.6516,smote
rt_bin_class_simple_ann_pt_cpu,coil_2000,0.884,0.1231,0.1135,0.1345,0.6272,smote
rt_bin_class_stacking_sklearn,coil_2000,0.914,0.1244,0.1622,0.1008,0.5738,smote
rt_bin_class_svc_sklearn,coil_2000,0.8687,0.1569,0.1283,0.2017,0.6638,smote
rt_bin_class_xgboost_shapley,coil_2000,0.9191,0.1311,0.1875,0.1008,0.6796,smote
rt_bin_class_adaboost_sklearn,coil_2000,0.715,0.1837,0.1111,0.5294,0.6925,no-smote
rt_bin_class_catboost,coil_2000,0.9389,0.0323,0.4,0.0168,0.7386,no-smote
rt_bin_class_decision_tree_sklearn,coil_2000,0.8824,0.1149,0.1056,0.1261,0.531,no-smote
rt_bin_class_ebm_interpretml,coil_2000,0.9216,0.061,0.1111,0.042,0.665,no-smote
rt_bin_class_extra_trees_sklearn,coil_2000,0.9181,0.1105,0.1613,0.084,0.6338,no-smote
rt_bin_class_knn_sklearn,coil_2000,0.9328,0.0294,0.1176,0.0168,0.5886,no-smote
rt_bin_class_lightgbm,coil_2000,0.9272,0.1227,0.2273,0.084,0.7202,no-smote
rt_bin_class_logistic_regression_sklearn,coil_2000,0.9379,0.0161,0.2,0.0084,0.7108,no-smote
rt_bin_class_mlp_sklearn,coil_2000,0.912,0.1393,0.1707,0.1176,0.618,no-smote
rt_bin_class_naive_bayes_sklearn,coil_2000,0.1145,0.1176,0.0626,0.9748,0.5868,no-smote
rt_bin_class_rf_hyperopt,coil_2000,0.9257,0.1098,0.2,0.0756,0.6576,no-smote
rt_bin_class_simple_ann_pt_cpu,coil_2000,0.9226,0.0843,0.1489,0.0588,0.6622,no-smote
rt_bin_class_stacking_sklearn,coil_2000,0.9384,0.0472,0.375,0.0252,0.7095,no-smote
rt_bin_class_svc_sklearn,coil_2000,0.9364,0,0,0,0.6019,no-smote
rt_bin_class_xgboost_shapley,coil_2000,0.9176,0.1383,0.1884,0.1092,0.6822,no-smote
rt_bin_class_adaboost_sklearn,graduation,0.7012,0.192,0.1132,0.6316,0.7207,smote
rt_bin_class_catboost,graduation,0.7544,0.1443,0.0897,0.3684,0.7132,smote
rt_bin_class_decision_tree_sklearn,graduation,0.7988,0.1707,0.1111,0.3684,0.5964,smote
rt_bin_class_ebm_interpretml,graduation,0.8669,0.2105,0.1579,0.3158,0.6366,smote
rt_bin_class_extra_trees_sklearn,graduation,0.9112,0.0625,0.0769,0.0526,0.6817,smote
rt_bin_class_knn_sklearn,graduation,0.7485,0.1414,0.0875,0.3684,0.6798,smote
rt_bin_class_lightgbm,graduation,0.8787,0.1961,0.1562,0.2632,0.6619,smote
rt_bin_class_logistic_regression_sklearn,graduation,0.7308,0.1802,0.1087,0.5263,0.7147,smote
rt_bin_class_mlp_sklearn,graduation,0.7189,0.1284,0.0778,0.3684,0.66,smote
rt_bin_class_naive_bayes_sklearn,graduation,0.7722,0.1149,0.0735,0.2632,0.6942,smote
rt_bin_class_rf_hyperopt,graduation,0.9083,0.2439,0.2273,0.2632,0.6677,smote
rt_bin_class_simple_ann_pt_cpu,graduation,0.8373,0.0351,0.0263,0.0526,0.6132,smote
rt_bin_class_stacking_sklearn,graduation,0.9112,0.1176,0.1333,0.1053,0.6708,smote
rt_bin_class_svc_sklearn,graduation,0.6686,0.1515,0.0885,0.5263,0.6788,smote
rt_bin_class_xgboost_shapley,graduation,0.8935,0.1818,0.16,0.2105,0.635,smote
rt_bin_class_adaboost_sklearn,graduation,0.7012,0.192,0.1132,0.6316,0.7207,no-smote
rt_bin_class_catboost,graduation,0.9408,0,0,0,0.731,no-smote
rt_bin_class_decision_tree_sklearn,graduation,0.8787,0.1961,0.1562,0.2632,0.5893,no-smote
rt_bin_class_ebm_interpretml,graduation,0.8669,0.2105,0.1579,0.3158,0.6366,no-smote
rt_bin_class_extra_trees_sklearn,graduation,0.9379,0,0,0,0.693,no-smote
rt_bin_class_knn_sklearn,graduation,0.9408,0,0,0,0.7096,no-smote
rt_bin_class_lightgbm,graduation,0.932,0.08,0.1667,0.0526,0.6595,no-smote
rt_bin_class_logistic_regression_sklearn,graduation,0.932,0,0,0,0.7082,no-smote
rt_bin_class_mlp_sklearn,graduation,0.9408,0,0,0,0.7349,no-smote
rt_bin_class_naive_bayes_sklearn,graduation,0.8432,0.1587,0.1136,0.2632,0.6934,no-smote
rt_bin_class_rf_hyperopt,graduation,0.9408,0,0,0,0.6925,no-smote
rt_bin_class_simple_ann_pt_cpu,graduation,0.9408,0,0,0,0.6456,no-smote
rt_bin_class_stacking_sklearn,graduation,0.9408,0,0,0,0.7385,no-smote
rt_bin_class_svc_sklearn,graduation,0.9408,0,0,0,0.499,no-smote
rt_bin_class_xgboost_shapley,graduation,0.8935,0.1818,0.16,0.2105,0.635,no-smote
rt_bin_class_adaboost_sklearn,jm1,0.6913,0.4446,0.3401,0.642,0.7354,smote
rt_bin_class_catboost,jm1,0.7639,0.4449,0.4063,0.4916,0.7389,smote
rt_bin_class_decision_tree_sklearn,jm1,0.7395,0.3608,0.3419,0.3819,0.5891,smote
rt_bin_class_ebm_interpretml,jm1,0.7869,0.3176,0.4138,0.2578,0.6767,smote
rt_bin_class_extra_trees_sklearn,jm1,0.7997,0.3859,0.4708,0.327,0.7457,smote
rt_bin_class_knn_sklearn,jm1,0.6849,0.394,0.3128,0.5322,0.6766,smote
rt_bin_class_lightgbm,jm1,0.7956,0.3688,0.4545,0.3103,0.7046,smote
rt_bin_class_logistic_regression_sklearn,jm1,0.7129,0.4354,0.3503,0.5752,0.7228,smote
rt_bin_class_mlp_sklearn,jm1,0.7193,0.4175,0.3476,0.5227,0.6796,smote
rt_bin_class_naive_bayes_sklearn,jm1,0.7887,0.3784,0.4361,0.3341,0.7044,smote
rt_bin_class_rf_hyperopt,jm1,0.8002,0.4082,0.4747,0.358,0.751,smote
rt_bin_class_simple_ann_pt_cpu,jm1,0.6674,0.3593,0.2855,0.4845,0.6295,smote
rt_bin_class_stacking_sklearn,jm1,0.7979,0.366,0.4618,0.3031,0.7207,smote
rt_bin_class_svc_sklearn,jm1,0.6987,0.4306,0.3383,0.5919,0.7223,smote
rt_bin_class_xgboost_shapley,jm1,0.7855,0.3487,0.4195,0.2983,0.6722,smote
rt_bin_class_adaboost_sklearn,jm1,0.6895,0.4395,0.3367,0.6325,0.7359,no-smote
rt_bin_class_catboost,jm1,0.813,0.2004,0.5667,0.1217,0.7427,no-smote
rt_bin_class_decision_tree_sklearn,jm1,0.7423,0.3499,0.3401,0.3604,0.584,no-smote
rt_bin_class_ebm_interpretml,jm1,0.7869,0.3156,0.4131,0.2554,0.6736,no-smote
rt_bin_class_extra_trees_sklearn,jm1,0.8048,0.32,0.4854,0.2387,0.7455,no-smote
rt_bin_class_knn_sklearn,jm1,0.8011,0.3245,0.4685,0.2482,0.687,no-smote
rt_bin_class_lightgbm,jm1,0.8075,0.3051,0.5,0.2196,0.7262,no-smote
rt_bin_class_logistic_regression_sklearn,jm1,0.8117,0.1767,0.557,0.105,0.7243,no-smote
rt_bin_class_mlp_sklearn,jm1,0.802,0.2607,0.4634,0.1814,0.7252,no-smote
rt_bin_class_naive_bayes_sklearn,jm1,0.7915,0.342,0.4354,0.2816,0.6793,no-smote
rt_bin_class_rf_hyperopt,jm1,0.8112,0.3161,0.522,0.2267,0.7482,no-smote
rt_bin_class_simple_ann_pt_cpu,jm1,0.8085,0.2147,0.5089,0.136,0.7177,no-smote
rt_bin_class_stacking_sklearn,jm1,0.8153,0.277,0.562,0.1838,0.7619,no-smote
rt_bin_class_svc_sklearn,jm1,0.8149,0.1891,0.6026,0.1122,0.6166,no-smote
rt_bin_class_xgboost_shapley,jm1,0.7855,0.3487,0.4195,0.2983,0.6722,no-smote
rt_bin_class_adaboost_sklearn,kc1,0.6232,0.3861,0.2591,0.7576,0.7706,smote
rt_bin_class_catboost,kc1,0.7441,0.413,0.322,0.5758,0.7851,smote
rt_bin_class_decision_tree_sklearn,kc1,0.8175,0.4296,0.4203,0.4394,0.6297,smote
rt_bin_class_ebm_interpretml,kc1,0.8294,0.3793,0.44,0.3333,0.7661,smote
rt_bin_class_extra_trees_sklearn,kc1,0.8507,0.4522,0.5306,0.3939,0.8188,smote
rt_bin_class_knn_sklearn,kc1,0.7464,0.4398,0.336,0.6364,0.7561,smote
rt_bin_class_lightgbm,kc1,0.8389,0.4237,0.4808,0.3788,0.7668,smote
rt_bin_class_logistic_regression_sklearn,kc1,0.6659,0.362,0.2581,0.6061,0.7767,smote
rt_bin_class_mlp_sklearn,kc1,0.7488,0.4111,0.3246,0.5606,0.7269,smote
rt_bin_class_naive_bayes_sklearn,kc1,0.7938,0.4082,0.3704,0.4545,0.7543,smote
rt_bin_class_rf_hyperopt,kc1,0.8412,0.4724,0.4918,0.4545,0.8132,smote
rt_bin_class_simple_ann_pt_cpu,kc1,0.6517,0.3951,0.2712,0.7273,0.7653,smote
rt_bin_class_stacking_sklearn,kc1,0.8365,0.439,0.4737,0.4091,0.7794,smote
rt_bin_class_svc_sklearn,kc1,0.6706,0.4135,0.2865,0.7424,0.7587,smote
rt_bin_class_xgboost_shapley,kc1,0.827,0.3967,0.4364,0.3636,0.7402,smote
rt_bin_class_adaboost_sklearn,kc1,0.6256,0.3876,0.2604,0.7576,0.7638,no-smote
rt_bin_class_catboost,kc1,0.8626,0.3095,0.7222,0.197,0.7987,no-smote
rt_bin_class_decision_tree_sklearn,kc1,0.8199,0.4412,0.4286,0.4545,0.6369,no-smote
rt_bin_class_ebm_interpretml,kc1,0.8294,0.3793,0.44,0.3333,0.7661,no-smote
rt_bin_class_extra_trees_sklearn,kc1,0.8626,0.4082,0.625,0.303,0.827,no-smote
rt_bin_class_knn_sklearn,kc1,0.8412,0.3495,0.4865,0.2727,0.7374,no-smote
rt_bin_class_lightgbm,kc1,0.8673,0.4717,0.625,0.3788,0.7675,no-smote
rt_bin_class_logistic_regression_sklearn,kc1,0.8578,0.3333,0.625,0.2273,0.7669,no-smote
rt_bin_class_mlp_sklearn,kc1,0.8531,0.3111,0.5833,0.2121,0.7756,no-smote
rt_bin_class_naive_bayes_sklearn,kc1,0.8009,0.3731,0.3676,0.3788,0.7273,no-smote
rt_bin_class_rf_hyperopt,kc1,0.8578,0.3617,0.6071,0.2576,0.8357,no-smote
rt_bin_class_simple_ann_pt_cpu,kc1,0.8602,0.2532,0.7692,0.1515,0.7969,no-smote
rt_bin_class_stacking_sklearn,kc1,0.8578,0.3023,0.65,0.197,0.822,no-smote
rt_bin_class_svc_sklearn,kc1,0.8578,0.3023,0.65,0.197,0.6907,no-smote
rt_bin_class_xgboost_shapley,kc1,0.827,0.3967,0.4364,0.3636,0.7402,no-smote
rt_bin_class_adaboost_sklearn,letter_img,0.9378,0.501,0.3406,0.947,0.991,smote
rt_bin_class_catboost,letter_img,0.992,0.8873,0.8289,0.9545,0.999,smote
rt_bin_class_decision_tree_sklearn,letter_img,0.9938,0.9097,0.869,0.9545,0.9748,smote
rt_bin_class_ebm_interpretml,letter_img,0.995,0.9237,0.9308,0.9167,0.9984,smote
rt_bin_class_extra_trees_sklearn,letter_img,0.996,0.937,0.9754,0.9015,0.9997,smote
rt_bin_class_knn_sklearn,letter_img,0.9952,0.9319,0.8844,0.9848,0.9992,smote
rt_bin_class_lightgbm,letter_img,0.9965,0.947,0.947,0.947,0.9995,smote
rt_bin_class_logistic_regression_sklearn,letter_img,0.9428,0.5298,0.3634,0.9773,0.9885,smote
rt_bin_class_mlp_sklearn,letter_img,0.998,0.9699,0.9627,0.9773,0.9999,smote
rt_bin_class_naive_bayes_sklearn,letter_img,0.8855,0.3164,0.197,0.803,0.9489,smote
rt_bin_class_rf_hyperopt,letter_img,0.9962,0.9402,0.9916,0.8939,0.9995,smote
rt_bin_class_simple_ann_pt_cpu,letter_img,0.9972,0.9591,0.9416,0.9773,0.9998,smote
rt_bin_class_stacking_sklearn,letter_img,0.999,0.9846,1,0.9697,0.9999,smote
rt_bin_class_svc_sklearn,letter_img,0.9978,0.965,0.992,0.9394,0.9998,smote
rt_bin_class_xgboost_shapley,letter_img,0.9975,0.9621,0.9621,0.9621,0.9955,smote
rt_bin_class_adaboost_sklearn,letter_img,0.9378,0.501,0.3406,0.947,0.991,no-smote
rt_bin_class_catboost,letter_img,0.9922,0.8692,0.981,0.7803,0.9973,no-smote
rt_bin_class_decision_tree_sklearn,letter_img,0.994,0.9111,0.8913,0.9318,0.964,no-smote
rt_bin_class_ebm_interpretml,letter_img,0.995,0.9237,0.9308,0.9167,0.9984,no-smote
rt_bin_class_extra_trees_sklearn,letter_img,0.9955,0.9268,1,0.8636,0.9996,no-smote
rt_bin_class_knn_sklearn,letter_img,0.9972,0.9572,0.984,0.9318,0.9997,no-smote
rt_bin_class_lightgbm,letter_img,0.997,0.9542,0.9615,0.947,0.9959,no-smote
rt_bin_class_logistic_regression_sklearn,letter_img,0.9838,0.7234,0.8252,0.6439,0.9854,no-smote
rt_bin_class_mlp_sklearn,letter_img,0.998,0.9692,0.9844,0.9545,0.9999,no-smote
rt_bin_class_naive_bayes_sklearn,letter_img,0.96,0.5556,0.4386,0.7576,0.954,no-smote
rt_bin_class_rf_hyperopt,letter_img,0.995,0.9194,0.9828,0.8636,0.9996,no-smote
rt_bin_class_simple_ann_pt_cpu,letter_img,0.998,0.9697,0.9697,0.9697,0.9999,no-smote
rt_bin_class_stacking_sklearn,letter_img,0.9985,0.9769,0.9922,0.9621,1,no-smote
rt_bin_class_svc_sklearn,letter_img,0.9972,0.9569,0.9919,0.9242,0.9992,no-smote
rt_bin_class_xgboost_shapley,letter_img,0.9975,0.9621,0.9621,0.9621,0.9955,no-smote
rt_bin_class_adaboost_sklearn,mammography,0.9334,0.3713,0.2353,0.88,0.948,smote
rt_bin_class_catboost,mammography,0.9736,0.5986,0.4536,0.88,0.9683,smote
rt_bin_class_decision_tree_sklearn,mammography,0.9799,0.6154,0.5373,0.72,0.8306,smote
rt_bin_class_ebm_interpretml,mammography,0.983,0.6481,0.6034,0.7,0.9317,smote
rt_bin_class_extra_trees_sklearn,mammography,0.9875,0.6818,0.7895,0.6,0.962,smote
rt_bin_class_knn_sklearn,mammography,0.9745,0.5839,0.4598,0.8,0.9201,smote
rt_bin_class_lightgbm,mammography,0.9861,0.7048,0.6727,0.74,0.9102,smote
rt_bin_class_logistic_regression_sklearn,mammography,0.8927,0.2727,0.1607,0.9,0.9438,smote
rt_bin_class_mlp_sklearn,mammography,0.9593,0.4859,0.3386,0.86,0.9639,smote
rt_bin_class_naive_bayes_sklearn,mammography,0.8502,0.2155,0.122,0.92,0.9361,smote
rt_bin_class_rf_hyperopt,mammography,0.9866,0.7,0.7,0.7,0.9606,smote
rt_bin_class_simple_ann_pt_cpu,mammography,0.9781,0.6016,0.5068,0.74,0.9178,smote
rt_bin_class_stacking_sklearn,mammography,0.9866,0.6875,0.7174,0.66,0.9021,smote
rt_bin_class_svc_sklearn,mammography,0.9526,0.4646,0.3108,0.92,0.9621,smote
rt_bin_class_xgboost_shapley,mammography,0.987,0.7129,0.7059,0.72,0.9189,smote
rt_bin_class_adaboost_sklearn,mammography,0.9334,0.3713,0.2353,0.88,0.948,no-smote
rt_bin_class_catboost,mammography,0.9893,0.7209,0.8611,0.62,0.9522,no-smote
rt_bin_class_decision_tree_sklearn,mammography,0.9857,0.6667,0.6957,0.64,0.7826,no-smote
rt_bin_class_ebm_interpretml,mammography,0.983,0.6481,0.6034,0.7,0.9317,no-smote
rt_bin_class_extra_trees_sklearn,mammography,0.9902,0.7317,0.9375,0.6,0.9652,no-smote
rt_bin_class_knn_sklearn,mammography,0.987,0.6506,0.8182,0.54,0.9245,no-smote
rt_bin_class_lightgbm,mammography,0.9902,0.7609,0.8333,0.7,0.9398,no-smote
rt_bin_class_logistic_regression_sklearn,mammography,0.9879,0.6494,0.9259,0.5,0.9544,no-smote
rt_bin_class_mlp_sklearn,mammography,0.9897,0.7294,0.8857,0.62,0.9559,no-smote
rt_bin_class_naive_bayes_sklearn,mammography,0.9557,0.459,0.3158,0.84,0.9378,no-smote
rt_bin_class_rf_hyperopt,mammography,0.9893,0.7,0.9333,0.56,0.9638,no-smote
rt_bin_class_simple_ann_pt_cpu,mammography,0.9902,0.7708,0.8043,0.74,0.958,no-smote
rt_bin_class_stacking_sklearn,mammography,0.9915,0.7765,0.9429,0.66,0.9507,no-smote
rt_bin_class_svc_sklearn,mammography,0.9879,0.6582,0.8966,0.52,0.8637,no-smote
rt_bin_class_xgboost_shapley,mammography,0.987,0.7129,0.7059,0.72,0.9189,no-smote
rt_bin_class_adaboost_sklearn,optical_digits,0.9537,0.7759,0.7087,0.8571,0.9848,smote
rt_bin_class_catboost,optical_digits,0.9911,0.951,0.9798,0.9238,0.9991,smote
rt_bin_class_decision_tree_sklearn,optical_digits,0.9609,0.7963,0.7748,0.819,0.8973,smote
rt_bin_class_ebm_interpretml,optical_digits,0.9804,0.8922,0.9192,0.8667,0.9937,smote
rt_bin_class_extra_trees_sklearn,optical_digits,0.9911,0.95,1,0.9048,0.9999,smote
rt_bin_class_knn_sklearn,optical_digits,0.9893,0.9455,0.9043,0.9905,0.9993,smote
rt_bin_class_lightgbm,optical_digits,0.9902,0.9469,0.9608,0.9333,0.9991,smote
rt_bin_class_logistic_regression_sklearn,optical_digits,0.9564,0.8,0.7,0.9333,0.9863,smote
rt_bin_class_mlp_sklearn,optical_digits,0.9964,0.9811,0.972,0.9905,0.9998,smote
rt_bin_class_naive_bayes_sklearn,optical_digits,0.3372,0.2183,0.1226,0.9905,0.6456,smote
rt_bin_class_rf_hyperopt,optical_digits,0.9884,0.934,1,0.8762,0.9996,smote
rt_bin_class_simple_ann_pt_cpu,optical_digits,0.992,0.9581,0.9364,0.981,0.9948,smote
rt_bin_class_stacking_sklearn,optical_digits,0.9964,0.9808,0.9903,0.9714,0.9999,smote
rt_bin_class_svc_sklearn,optical_digits,0.9956,0.9758,0.9902,0.9619,0.9999,smote
rt_bin_class_xgboost_shapley,optical_digits,0.9902,0.9474,0.9519,0.9429,0.9989,smote
rt_bin_class_adaboost_sklearn,optical_digits,0.9546,0.7792,0.7143,0.8571,0.9848,no-smote
rt_bin_class_catboost,optical_digits,0.9911,0.9505,0.9897,0.9143,0.999,no-smote
rt_bin_class_decision_tree_sklearn,optical_digits,0.9626,0.8056,0.7838,0.8286,0.9025,no-smote
rt_bin_class_ebm_interpretml,optical_digits,0.9804,0.8922,0.9192,0.8667,0.9937,no-smote
rt_bin_class_extra_trees_sklearn,optical_digits,0.9884,0.934,1,0.8762,0.9999,no-smote
rt_bin_class_knn_sklearn,optical_digits,0.9938,0.9665,0.9712,0.9619,0.9949,no-smote
rt_bin_class_lightgbm,optical_digits,0.9902,0.9458,0.9796,0.9143,0.9994,no-smote
rt_bin_class_logistic_regression_sklearn,optical_digits,0.9733,0.8485,0.9032,0.8,0.9875,no-smote
rt_bin_class_mlp_sklearn,optical_digits,0.9973,0.9858,0.9811,0.9905,0.9999,no-smote
rt_bin_class_naive_bayes_sklearn,optical_digits,0.2714,0.2041,0.1136,1,0.6129,no-smote
rt_bin_class_rf_hyperopt,optical_digits,0.984,0.9062,1,0.8286,0.9995,no-smote
rt_bin_class_simple_ann_pt_cpu,optical_digits,0.992,0.9569,0.9615,0.9524,0.9993,no-smote
rt_bin_class_stacking_sklearn,optical_digits,0.9964,0.981,0.981,0.981,0.9999,no-smote
rt_bin_class_svc_sklearn,optical_digits,0.9982,0.9905,0.9905,0.9905,0.9999,no-smote
rt_bin_class_xgboost_shapley,optical_digits,0.9902,0.9474,0.9519,0.9429,0.9989,no-smote
rt_bin_class_adaboost_sklearn,ozone_level,0.8028,0.2857,0.1869,0.6061,0.8327,no-smote
rt_bin_class_adaboost_sklearn,ozone_level,0.8107,0.3043,0.2,0.6364,0.8349,smote
rt_bin_class_catboost,ozone_level,0.9349,0.2326,0.5,0.1515,0.9152,no-smote
rt_bin_class_catboost,ozone_level,0.9152,0.3944,0.3684,0.4242,0.8914,smote
rt_bin_class_decision_tree_sklearn,ozone_level,0.9191,0.3051,0.3462,0.2727,0.6184,no-smote
rt_bin_class_decision_tree_sklearn,ozone_level,0.8915,0.2667,0.2381,0.303,0.6178,smote
rt_bin_class_ebm_interpretml,ozone_level,0.9172,0.3636,0.3636,0.3636,0.851,no-smote
rt_bin_class_ebm_interpretml,ozone_level,0.9093,0.2333,0.2593,0.2121,0.8567,smote
rt_bin_class_extra_trees_sklearn,ozone_level,0.9408,0.2105,0.8,0.1212,0.9282,no-smote
rt_bin_class_extra_trees_sklearn,ozone_level,0.9349,0.1951,0.5,0.1212,0.9139,smote
rt_bin_class_knn_sklearn,ozone_level,0.9231,0.1702,0.2857,0.1212,0.7811,no-smote
rt_bin_class_knn_sklearn,ozone_level,0.8245,0.3597,0.2358,0.7576,0.8156,smote
rt_bin_class_lightgbm,ozone_level,0.9369,0.2727,0.5455,0.1818,0.8748,no-smote
rt_bin_class_lightgbm,ozone_level,0.927,0.3509,0.4167,0.303,0.8906,smote
rt_bin_class_logistic_regression_sklearn,ozone_level,0.931,0.2857,0.4375,0.2121,0.9173,no-smote
rt_bin_class_logistic_regression_sklearn,ozone_level,0.8481,0.4031,0.2708,0.7879,0.9147,smote
rt_bin_class_mlp_sklearn,ozone_level,0.9428,0.5246,0.5714,0.4848,0.8922,no-smote
rt_bin_class_mlp_sklearn,ozone_level,0.925,0.4242,0.4242,0.4242,0.8708,smote
rt_bin_class_naive_bayes_sklearn,ozone_level,0.7239,0.2784,0.1677,0.8182,0.7925,no-smote
rt_bin_class_naive_bayes_sklearn,ozone_level,0.7298,0.2751,0.1667,0.7879,0.7902,smote
rt_bin_class_rf_hyperopt,ozone_level,0.9428,0.2162,1,0.1212,0.9277,no-smote
rt_bin_class_rf_hyperopt,ozone_level,0.927,0.2745,0.3889,0.2121,0.8944,smote
rt_bin_class_simple_ann_pt_cpu,ozone_level,0.9132,0.2143,0.2609,0.1818,0.8457,no-smote
rt_bin_class_simple_ann_pt_cpu,ozone_level,0.9073,0.3733,0.3333,0.4242,0.8652,smote
rt_bin_class_stacking_sklearn,ozone_level,0.9329,0.32,0.4706,0.2424,0.9266,no-smote
rt_bin_class_stacking_sklearn,ozone_level,0.9389,0.3673,0.5625,0.2727,0.8688,smote
rt_bin_class_svc_sklearn,ozone_level,0.9329,0.2609,0.4615,0.1818,0.9089,no-smote
rt_bin_class_svc_sklearn,ozone_level,0.929,0.5385,0.4667,0.6364,0.902,smote
rt_bin_class_xgboost_shapley,ozone_level,0.9329,0.4687,0.4839,0.4545,0.8989,no-smote
rt_bin_class_xgboost_shapley,ozone_level,0.929,0.4194,0.4483,0.3939,0.897,smote
rt_bin_class_adaboost_sklearn,page_blocks,0.9388,0.7633,0.6545,0.9153,0.9845,smote
rt_bin_class_catboost,page_blocks,0.9726,0.8819,0.8235,0.9492,0.9946,smote
rt_bin_class_decision_tree_sklearn,page_blocks,0.9689,0.8534,0.8684,0.839,0.9117,smote
rt_bin_class_ebm_interpretml,page_blocks,0.9717,0.8692,0.8655,0.8729,0.9909,smote
rt_bin_class_extra_trees_sklearn,page_blocks,0.9763,0.8879,0.9035,0.8729,0.9829,smote
rt_bin_class_knn_sklearn,page_blocks,0.958,0.8271,0.7432,0.9322,0.9673,smote
rt_bin_class_lightgbm,page_blocks,0.9726,0.8718,0.8793,0.8644,0.9935,smote
rt_bin_class_logistic_regression_sklearn,page_blocks,0.9132,0.6865,0.5622,0.8814,0.9665,smote
rt_bin_class_mlp_sklearn,page_blocks,0.9562,0.8182,0.7397,0.9153,0.9908,smote
rt_bin_class_naive_bayes_sklearn,page_blocks,0.9078,0.63,0.5548,0.7288,0.9408,smote
rt_bin_class_rf_hyperopt,page_blocks,0.979,0.9021,0.906,0.8983,0.9922,smote
rt_bin_class_simple_ann_pt_cpu,page_blocks,0.9653,0.8468,0.8077,0.8898,0.9799,smote
rt_bin_class_stacking_sklearn,page_blocks,0.9781,0.8957,0.9196,0.8729,0.992,smote
rt_bin_class_svc_sklearn,page_blocks,0.9489,0.8,0.6914,0.9492,0.9848,smote
rt_bin_class_xgboost_shapley,page_blocks,0.9717,0.8681,0.8718,0.8644,0.9924,smote
rt_bin_class_adaboost_sklearn,page_blocks,0.9388,0.7633,0.6545,0.9153,0.9845,no-smote
rt_bin_class_catboost,page_blocks,0.9753,0.88,0.9252,0.839,0.9949,no-smote
rt_bin_class_decision_tree_sklearn,page_blocks,0.9699,0.8546,0.8899,0.822,0.9132,no-smote
rt_bin_class_ebm_interpretml,page_blocks,0.9717,0.8692,0.8655,0.8729,0.9909,no-smote
rt_bin_class_extra_trees_sklearn,page_blocks,0.9772,0.8918,0.9115,0.8729,0.9835,no-smote
rt_bin_class_knn_sklearn,page_blocks,0.9671,0.8364,0.902,0.7797,0.963,no-smote
rt_bin_class_lightgbm,page_blocks,0.9744,0.875,0.9245,0.8305,0.9886,no-smote
rt_bin_class_logistic_regression_sklearn,page_blocks,0.9525,0.7426,0.8929,0.6356,0.954,no-smote
rt_bin_class_mlp_sklearn,page_blocks,0.9699,0.8507,0.9126,0.7966,0.9911,no-smote
rt_bin_class_naive_bayes_sklearn,page_blocks,0.9123,0.625,0.5797,0.678,0.9252,no-smote
rt_bin_class_rf_hyperopt,page_blocks,0.979,0.8996,0.9279,0.8729,0.9887,no-smote
rt_bin_class_simple_ann_pt_cpu,page_blocks,0.968,0.8472,0.8739,0.822,0.9915,no-smote
rt_bin_class_stacking_sklearn,page_blocks,0.9781,0.8938,0.9352,0.8559,0.9931,no-smote
rt_bin_class_svc_sklearn,page_blocks,0.9626,0.8128,0.8812,0.7542,0.9886,no-smote
rt_bin_class_xgboost_shapley,page_blocks,0.9717,0.8681,0.8718,0.8644,0.9924,no-smote
rt_bin_class_adaboost_sklearn,pc1,0.7793,0.3636,0.2414,0.7368,0.8656,smote
rt_bin_class_catboost,pc1,0.9009,0.45,0.4286,0.4737,0.8792,smote
rt_bin_class_decision_tree_sklearn,pc1,0.8964,0.3784,0.3889,0.3684,0.6571,smote
rt_bin_class_ebm_interpretml,pc1,0.9189,0.4,0.5455,0.3158,0.8549,smote
rt_bin_class_extra_trees_sklearn,pc1,0.9144,0.3448,0.5,0.2632,0.8673,smote
rt_bin_class_knn_sklearn,pc1,0.8559,0.3333,0.2759,0.4211,0.7471,smote
rt_bin_class_lightgbm,pc1,0.9144,0.2963,0.5,0.2105,0.7938,smote
rt_bin_class_logistic_regression_sklearn,pc1,0.7387,0.3556,0.2254,0.8421,0.8276,smote
rt_bin_class_mlp_sklearn,pc1,0.8964,0.4651,0.4167,0.5263,0.7568,smote
rt_bin_class_naive_bayes_sklearn,pc1,0.8378,0.2174,0.1852,0.2632,0.7411,smote
rt_bin_class_rf_hyperopt,pc1,0.9189,0.4,0.5455,0.3158,0.8836,smote
rt_bin_class_simple_ann_pt_cpu,pc1,0.8919,0.4545,0.4,0.5263,0.8255,smote
rt_bin_class_stacking_sklearn,pc1,0.9099,0.2857,0.4444,0.2105,0.8881,smote
rt_bin_class_svc_sklearn,pc1,0.8288,0.4062,0.2889,0.6842,0.8278,smote
rt_bin_class_xgboost_shapley,pc1,0.8919,0.25,0.3077,0.2105,0.8123,smote
rt_bin_class_adaboost_sklearn,pc1,0.7793,0.3636,0.2414,0.7368,0.8656,no-smote
rt_bin_class_catboost,pc1,0.9234,0.1905,1,0.1053,0.8959,no-smote
rt_bin_class_decision_tree_sklearn,pc1,0.9009,0.3529,0.4,0.3158,0.6609,no-smote
rt_bin_class_ebm_interpretml,pc1,0.9189,0.4,0.5455,0.3158,0.8549,no-smote
rt_bin_class_extra_trees_sklearn,pc1,0.9099,0.1667,0.4,0.1053,0.8665,no-smote
rt_bin_class_knn_sklearn,pc1,0.9234,0.2609,0.75,0.1579,0.6781,no-smote
rt_bin_class_lightgbm,pc1,0.9189,0.25,0.6,0.1579,0.8437,no-smote
rt_bin_class_logistic_regression_sklearn,pc1,0.9189,0.1,1,0.0526,0.7926,no-smote
rt_bin_class_mlp_sklearn,pc1,0.9009,0.0833,0.2,0.0526,0.8421,no-smote
rt_bin_class_naive_bayes_sklearn,pc1,0.8378,0.2174,0.1852,0.2632,0.6232,no-smote
rt_bin_class_rf_hyperopt,pc1,0.9144,0.1739,0.5,0.1053,0.8701,no-smote
rt_bin_class_simple_ann_pt_cpu,pc1,0.9099,0.0909,0.3333,0.0526,0.8395,no-smote
rt_bin_class_stacking_sklearn,pc1,0.9234,0.2609,0.75,0.1579,0.8867,no-smote
rt_bin_class_svc_sklearn,pc1,0.9144,0.0952,0.5,0.0526,0.6764,no-smote
rt_bin_class_xgboost_shapley,pc1,0.8919,0.25,0.3077,0.2105,0.8123,no-smote
rt_bin_class_adaboost_sklearn,pen_digits,0.9336,0.7286,0.6031,0.9202,0.9773,smote
rt_bin_class_catboost,pen_digits,0.9982,0.9906,0.9953,0.9859,0.9999,smote
rt_bin_class_decision_tree_sklearn,pen_digits,0.9891,0.9434,0.9479,0.939,0.9667,smote
rt_bin_class_ebm_interpretml,pen_digits,0.995,0.9737,0.9903,0.9577,0.9962,smote
rt_bin_class_extra_trees_sklearn,pen_digits,0.9973,0.9857,1,0.9718,0.9999,smote
rt_bin_class_knn_sklearn,pen_digits,0.9991,0.9953,1,0.9906,1,smote
rt_bin_class_lightgbm,pen_digits,0.9973,0.9857,1,0.9718,0.9976,smote
rt_bin_class_logistic_regression_sklearn,pen_digits,0.9368,0.7392,0.6156,0.9249,0.9763,smote
rt_bin_class_mlp_sklearn,pen_digits,0.9991,0.9953,1,0.9906,1,smote
rt_bin_class_naive_bayes_sklearn,pen_digits,0.8527,0.4545,0.3543,0.6338,0.8723,smote
rt_bin_class_rf_hyperopt,pen_digits,0.995,0.9735,1,0.9484,0.9999,smote
rt_bin_class_simple_ann_pt_cpu,pen_digits,0.9991,0.9953,0.9953,0.9953,1,smote
rt_bin_class_stacking_sklearn,pen_digits,0.9986,0.9929,1,0.9859,1,smote
rt_bin_class_svc_sklearn,pen_digits,0.9986,0.9929,1,0.9859,1,smote
rt_bin_class_xgboost_shapley,pen_digits,0.9977,0.9881,1,0.9765,0.9998,smote
rt_bin_class_adaboost_sklearn,pen_digits,0.9336,0.7286,0.6031,0.9202,0.9773,no-smote
rt_bin_class_catboost,pen_digits,0.9973,0.9857,1,0.9718,0.9999,no-smote
rt_bin_class_decision_tree_sklearn,pen_digits,0.9914,0.9544,0.9755,0.9343,0.9659,no-smote
rt_bin_class_ebm_interpretml,pen_digits,0.995,0.9737,0.9903,0.9577,0.9962,no-smote
rt_bin_class_extra_trees_sklearn,pen_digits,0.9977,0.9881,1,0.9765,1,no-smote
rt_bin_class_knn_sklearn,pen_digits,0.9982,0.9905,1,0.9812,0.9976,no-smote
rt_bin_class_lightgbm,pen_digits,0.9964,0.9809,1,0.9624,0.9999,no-smote
rt_bin_class_logistic_regression_sklearn,pen_digits,0.9641,0.804,0.8526,0.7606,0.9744,no-smote
rt_bin_class_mlp_sklearn,pen_digits,0.9977,0.9882,0.9952,0.9812,1,no-smote
rt_bin_class_naive_bayes_sklearn,pen_digits,0.9336,0.6386,0.6754,0.6056,0.8667,no-smote
rt_bin_class_rf_hyperopt,pen_digits,0.995,0.9735,1,0.9484,0.9999,no-smote
rt_bin_class_simple_ann_pt_cpu,pen_digits,0.9991,0.9953,1,0.9906,1,no-smote
rt_bin_class_stacking_sklearn,pen_digits,0.9986,0.9929,1,0.9859,1,no-smote
rt_bin_class_svc_sklearn,pen_digits,0.9986,0.9929,1,0.9859,1,no-smote
rt_bin_class_xgboost_shapley,pen_digits,0.9977,0.9881,1,0.9765,0.9998,no-smote
rt_bin_class_adaboost_sklearn,pie_chart,0.75,0.46,0.3538,0.6571,0.7941,smote
rt_bin_class_catboost,pie_chart,0.8333,0.4375,0.4828,0.4,0.7796,smote
rt_bin_class_decision_tree_sklearn,pie_chart,0.8056,0.3438,0.3793,0.3143,0.6074,smote
rt_bin_class_ebm_interpretml,pie_chart,0.8287,0.4127,0.4643,0.3714,0.7704,smote
rt_bin_class_extra_trees_sklearn,pie_chart,0.8611,0.4,0.6667,0.2857,0.8113,smote
rt_bin_class_knn_sklearn,pie_chart,0.713,0.38,0.2923,0.5429,0.6788,smote
rt_bin_class_lightgbm,pie_chart,0.8426,0.3929,0.5238,0.3143,0.7672,smote
rt_bin_class_logistic_regression_sklearn,pie_chart,0.7593,0.5,0.3768,0.7429,0.8309,smote
rt_bin_class_mlp_sklearn,pie_chart,0.8287,0.4789,0.4722,0.4857,0.7877,smote
rt_bin_class_naive_bayes_sklearn,pie_chart,0.7917,0.5361,0.4194,0.7429,0.8463,smote
rt_bin_class_rf_hyperopt,pie_chart,0.8426,0.4848,0.5161,0.4571,0.7905,smote
rt_bin_class_simple_ann_pt_cpu,pie_chart,0.787,0.3235,0.3333,0.3143,0.7312,smote
rt_bin_class_stacking_sklearn,pie_chart,0.8148,0.3103,0.3913,0.2571,0.7258,smote
rt_bin_class_svc_sklearn,pie_chart,0.8009,0.4557,0.4091,0.5143,0.814,smote
rt_bin_class_xgboost_shapley,pie_chart,0.8241,0.3448,0.4348,0.2857,0.7862,smote
rt_bin_class_adaboost_sklearn,pie_chart,0.75,0.46,0.3538,0.6571,0.7941,no-smote
rt_bin_class_catboost,pie_chart,0.8472,0.1951,0.6667,0.1143,0.7831,no-smote
rt_bin_class_decision_tree_sklearn,pie_chart,0.8148,0.3548,0.4074,0.3143,0.6129,no-smote
rt_bin_class_ebm_interpretml,pie_chart,0.8287,0.4127,0.4643,0.3714,0.7704,no-smote
rt_bin_class_extra_trees_sklearn,pie_chart,0.8426,0.15,0.6,0.0857,0.8133,no-smote
rt_bin_class_knn_sklearn,pie_chart,0.8241,0.1739,0.3636,0.1143,0.6849,no-smote
rt_bin_class_lightgbm,pie_chart,0.838,0.2553,0.5,0.1714,0.7663,no-smote
rt_bin_class_logistic_regression_sklearn,pie_chart,0.8519,0.2381,0.7143,0.1429,0.8182,no-smote
rt_bin_class_mlp_sklearn,pie_chart,0.8056,0.16,0.2667,0.1143,0.7993,no-smote
rt_bin_class_naive_bayes_sklearn,pie_chart,0.8009,0.4557,0.4091,0.5143,0.8199,no-smote
rt_bin_class_rf_hyperopt,pie_chart,0.8426,0.1053,0.6667,0.0571,0.7717,no-smote
rt_bin_class_simple_ann_pt_cpu,pie_chart,0.8333,0.25,0.4615,0.1714,0.8194,no-smote
rt_bin_class_stacking_sklearn,pie_chart,0.8333,0.1,0.4,0.0571,0.8024,no-smote
rt_bin_class_svc_sklearn,pie_chart,0.8426,0.0556,1,0.0286,0.7234,no-smote
rt_bin_class_xgboost_shapley,pie_chart,0.8426,0.3929,0.5238,0.3143,0.7834,no-smote
rt_bin_class_adaboost_sklearn,satellite,0.9833,0.6383,0.5172,0.8333,0.9825,no-smote
rt_bin_class_adaboost_sklearn,satellite,0.9833,0.6383,0.5172,0.8333,0.9825,smote
rt_bin_class_catboost,satellite,0.9951,0.8387,1,0.7222,0.9931,no-smote
rt_bin_class_catboost,satellite,0.9912,0.7429,0.7647,0.7222,0.9784,smote
rt_bin_class_decision_tree_sklearn,satellite,0.9912,0.7692,0.7143,0.8333,0.9137,no-smote
rt_bin_class_decision_tree_sklearn,satellite,0.9882,0.6667,0.6667,0.6667,0.8303,smote
rt_bin_class_ebm_interpretml,satellite,0.9941,0.8125,0.9286,0.7222,0.926,no-smote
rt_bin_class_ebm_interpretml,satellite,0.9941,0.8125,0.9286,0.7222,0.926,smote
rt_bin_class_extra_trees_sklearn,satellite,0.9912,0.6897,0.9091,0.5556,0.9654,no-smote
rt_bin_class_extra_trees_sklearn,satellite,0.9931,0.7586,1,0.6111,0.9892,smote
rt_bin_class_knn_sklearn,satellite,0.9922,0.7143,1,0.5556,0.8322,no-smote
rt_bin_class_knn_sklearn,satellite,0.9912,0.7273,0.8,0.6667,0.8591,smote
rt_bin_class_lightgbm,satellite,0.9941,0.8125,0.9286,0.7222,0.9426,no-smote
rt_bin_class_lightgbm,satellite,0.9951,0.8387,1,0.7222,0.9704,smote
rt_bin_class_logistic_regression_sklearn,satellite,0.9931,0.7879,0.8667,0.7222,0.9788,no-smote
rt_bin_class_logistic_regression_sklearn,satellite,0.9843,0.6667,0.5333,0.8889,0.9848,smote
rt_bin_class_mlp_sklearn,satellite,0.9931,0.7879,0.8667,0.7222,0.9541,no-smote
rt_bin_class_mlp_sklearn,satellite,0.9892,0.7179,0.6667,0.7778,0.9351,smote
rt_bin_class_naive_bayes_sklearn,satellite,0.9451,0.3488,0.2206,0.8333,0.9331,no-smote
rt_bin_class_naive_bayes_sklearn,satellite,0.9245,0.2936,0.1758,0.8889,0.9698,smote
rt_bin_class_rf_hyperopt,satellite,0.9941,0.8125,0.9286,0.7222,0.967,no-smote
rt_bin_class_rf_hyperopt,satellite,0.9931,0.7586,1,0.6111,0.965,smote
rt_bin_class_simple_ann_pt_cpu,satellite,0.9912,0.7429,0.7647,0.7222,0.9406,no-smote
rt_bin_class_simple_ann_pt_cpu,satellite,0.9882,0.7,0.6364,0.7778,0.9402,smote
rt_bin_class_stacking_sklearn,satellite,0.9951,0.8387,1,0.7222,0.9644,no-smote
rt_bin_class_stacking_sklearn,satellite,0.9941,0.8125,0.9286,0.7222,0.9664,smote
rt_bin_class_svc_sklearn,satellite,0.9951,0.8387,1,0.7222,0.9834,no-smote
rt_bin_class_svc_sklearn,satellite,0.9902,0.7222,0.7222,0.7222,0.9398,smote
rt_bin_class_xgboost_shapley,satellite,0.9941,0.8125,0.9286,0.7222,0.9851,no-smote
rt_bin_class_xgboost_shapley,satellite,0.9941,0.8125,0.9286,0.7222,0.9851,smote
rt_bin_class_adaboost_sklearn,satimage,0.8244,0.5022,0.3519,0.8769,0.9329,smote
rt_bin_class_catboost,satimage,0.9176,0.6667,0.5638,0.8154,0.9616,smote
rt_bin_class_decision_tree_sklearn,satimage,0.9083,0.604,0.5357,0.6923,0.8124,smote
rt_bin_class_ebm_interpretml,satimage,0.9308,0.6642,0.6519,0.6769,0.9503,smote
rt_bin_class_extra_trees_sklearn,satimage,0.9378,0.7037,0.6786,0.7308,0.9675,smote
rt_bin_class_knn_sklearn,satimage,0.871,0.5971,0.4362,0.9462,0.9414,smote
rt_bin_class_lightgbm,satimage,0.9479,0.7491,0.7299,0.7692,0.9688,smote
rt_bin_class_logistic_regression_sklearn,satimage,0.6154,0.3038,0.1859,0.8308,0.782,smote
rt_bin_class_mlp_sklearn,satimage,0.9254,0.6643,0.609,0.7308,0.9423,smote
rt_bin_class_naive_bayes_sklearn,satimage,0.8003,0.4829,0.327,0.9231,0.8848,smote
rt_bin_class_rf_hyperopt,satimage,0.9347,0.6889,0.6643,0.7154,0.9636,smote
rt_bin_class_simple_ann_pt_cpu,satimage,0.8998,0.6304,0.5023,0.8462,0.9467,smote
rt_bin_class_stacking_sklearn,satimage,0.951,0.749,0.7769,0.7231,0.9643,smote
rt_bin_class_svc_sklearn,satimage,0.8803,0.6031,0.4535,0.9,0.9517,smote
rt_bin_class_xgboost_shapley,satimage,0.9456,0.7287,0.7344,0.7231,0.9699,smote
rt_bin_class_adaboost_sklearn,satimage,0.8244,0.5022,0.3519,0.8769,0.9329,no-smote
rt_bin_class_catboost,satimage,0.9464,0.7039,0.7961,0.6308,0.9638,no-smote
rt_bin_class_decision_tree_sklearn,satimage,0.9138,0.5934,0.5664,0.6231,0.7847,no-smote
rt_bin_class_ebm_interpretml,satimage,0.9308,0.6642,0.6519,0.6769,0.9503,no-smote
rt_bin_class_extra_trees_sklearn,satimage,0.951,0.72,0.8526,0.6231,0.9668,no-smote
rt_bin_class_knn_sklearn,satimage,0.9378,0.7037,0.6786,0.7308,0.9442,no-smote
rt_bin_class_lightgbm,satimage,0.9534,0.7619,0.7869,0.7385,0.9717,no-smote
rt_bin_class_logistic_regression_sklearn,satimage,0.899,0.0152,0.5,0.0077,0.7772,no-smote
rt_bin_class_mlp_sklearn,satimage,0.9386,0.6827,0.7143,0.6538,0.9616,no-smote
rt_bin_class_naive_bayes_sklearn,satimage,0.8089,0.4938,0.3371,0.9231,0.8896,no-smote
rt_bin_class_rf_hyperopt,satimage,0.9479,0.7074,0.8182,0.6231,0.9631,no-smote
rt_bin_class_simple_ann_pt_cpu,satimage,0.9417,0.7059,0.72,0.6923,0.9617,no-smote
rt_bin_class_stacking_sklearn,satimage,0.9542,0.7611,0.8034,0.7231,0.9718,no-smote
rt_bin_class_svc_sklearn,satimage,0.9262,0.6245,0.6423,0.6077,0.9426,no-smote
rt_bin_class_xgboost_shapley,satimage,0.9456,0.7287,0.7344,0.7231,0.9699,no-smote
rt_bin_class_adaboost_sklearn,seismic_bumps,0.7737,0.2642,0.1721,0.5676,0.7528,no-smote
rt_bin_class_adaboost_sklearn,seismic_bumps,0.7737,0.2642,0.1721,0.5676,0.7528,smote
rt_bin_class_catboost,seismic_bumps,0.9304,0.0526,1,0.027,0.7805,no-smote
rt_bin_class_catboost,seismic_bumps,0.8472,0.202,0.1613,0.2703,0.7035,smote
rt_bin_class_decision_tree_sklearn,seismic_bumps,0.8762,0.1111,0.1143,0.1081,0.5218,no-smote
rt_bin_class_decision_tree_sklearn,seismic_bumps,0.8665,0.2247,0.1923,0.2703,0.5914,smote
rt_bin_class_ebm_interpretml,seismic_bumps,0.8743,0.1558,0.15,0.1622,0.6108,no-smote
rt_bin_class_ebm_interpretml,seismic_bumps,0.8743,0.1558,0.15,0.1622,0.6108,smote
rt_bin_class_extra_trees_sklearn,seismic_bumps,0.9246,0.1333,0.375,0.0811,0.7327,no-smote
rt_bin_class_extra_trees_sklearn,seismic_bumps,0.9014,0.1053,0.15,0.0811,0.705,smote
rt_bin_class_knn_sklearn,seismic_bumps,0.9284,0.1395,0.5,0.0811,0.6514,no-smote
rt_bin_class_knn_sklearn,seismic_bumps,0.8104,0.2097,0.1494,0.3514,0.6408,smote
rt_bin_class_lightgbm,seismic_bumps,0.9168,0.1224,0.25,0.0811,0.7563,no-smote
rt_bin_class_lightgbm,seismic_bumps,0.8859,0.169,0.1765,0.1622,0.6745,smote
rt_bin_class_logistic_regression_sklearn,seismic_bumps,0.9284,0,0,0,0.7843,no-smote
rt_bin_class_logistic_regression_sklearn,seismic_bumps,0.7814,0.2893,0.1885,0.6216,0.7657,smote
rt_bin_class_mlp_sklearn,seismic_bumps,0.9265,0.1739,0.4444,0.1081,0.7389,no-smote
rt_bin_class_mlp_sklearn,seismic_bumps,0.8723,0.1538,0.1463,0.1622,0.5978,smote
rt_bin_class_naive_bayes_sklearn,seismic_bumps,0.8453,0.2982,0.2208,0.4595,0.786,no-smote
rt_bin_class_naive_bayes_sklearn,seismic_bumps,0.7814,0.2803,0.1833,0.5946,0.7415,smote
rt_bin_class_rf_hyperopt,seismic_bumps,0.9304,0.0526,1,0.027,0.7276,no-smote
rt_bin_class_rf_hyperopt,seismic_bumps,0.913,0.2105,0.3,0.1622,0.7393,smote
rt_bin_class_simple_ann_pt_cpu,seismic_bumps,0.9284,0.0513,0.5,0.027,0.756,no-smote
rt_bin_class_simple_ann_pt_cpu,seismic_bumps,0.8743,0.2169,0.1957,0.2432,0.6752,smote
rt_bin_class_stacking_sklearn,seismic_bumps,0.9323,0.1026,1,0.0541,0.7937,no-smote
rt_bin_class_stacking_sklearn,seismic_bumps,0.9052,0.1404,0.2,0.1081,0.6999,smote
rt_bin_class_svc_sklearn,seismic_bumps,0.9284,0,0,0,0.6155,no-smote
rt_bin_class_svc_sklearn,seismic_bumps,0.8433,0.243,0.1857,0.3514,0.6592,smote
rt_bin_class_xgboost_shapley,seismic_bumps,0.8859,0.2133,0.2105,0.2162,0.6927,no-smote
rt_bin_class_xgboost_shapley,seismic_bumps,0.8859,0.2133,0.2105,0.2162,0.6927,smote
rt_bin_class_adaboost_sklearn,shuttle,1,1,1,1,1,smote
rt_bin_class_catboost,shuttle,1,1,1,1,1,smote
rt_bin_class_decision_tree_sklearn,shuttle,1,1,1,1,1,smote
rt_bin_class_ebm_interpretml,shuttle,1,1,1,1,1,smote
rt_bin_class_extra_trees_sklearn,shuttle,0.9973,0.9831,1,0.9667,1,smote
rt_bin_class_knn_sklearn,shuttle,0.9973,0.9831,1,0.9667,0.9833,smote
rt_bin_class_lightgbm,shuttle,1,1,1,1,1,smote
rt_bin_class_logistic_regression_sklearn,shuttle,0.9973,0.9831,1,0.9667,0.9995,smote
rt_bin_class_mlp_sklearn,shuttle,0.9973,0.9831,1,0.9667,0.9668,smote
rt_bin_class_naive_bayes_sklearn,shuttle,0.9973,0.9836,0.9677,1,0.9985,smote
rt_bin_class_rf_hyperopt,shuttle,1,1,1,1,1,smote
rt_bin_class_simple_ann_pt_cpu,shuttle,0.9973,0.9831,1,0.9667,1,smote
rt_bin_class_stacking_sklearn,shuttle,0.9973,0.9831,1,0.9667,1,smote
rt_bin_class_svc_sklearn,shuttle,1,1,1,1,1,smote
rt_bin_class_xgboost_shapley,shuttle,1,1,1,1,1,smote
rt_bin_class_adaboost_sklearn,shuttle,1,1,1,1,1,no-smote
rt_bin_class_catboost,shuttle,1,1,1,1,1,no-smote
rt_bin_class_decision_tree_sklearn,shuttle,1,1,1,1,1,no-smote
rt_bin_class_ebm_interpretml,shuttle,1,1,1,1,1,no-smote
rt_bin_class_extra_trees_sklearn,shuttle,0.9973,0.9831,1,0.9667,1,no-smote
rt_bin_class_knn_sklearn,shuttle,0.9973,0.9831,1,0.9667,0.9833,no-smote
rt_bin_class_lightgbm,shuttle,1,1,1,1,1,no-smote
rt_bin_class_logistic_regression_sklearn,shuttle,0.9973,0.9831,1,0.9667,0.9993,no-smote
rt_bin_class_mlp_sklearn,shuttle,0.9973,0.9831,1,0.9667,0.9669,no-smote
rt_bin_class_naive_bayes_sklearn,shuttle,0.9945,0.9677,0.9375,1,0.997,no-smote
rt_bin_class_rf_hyperopt,shuttle,1,1,1,1,1,no-smote
rt_bin_class_simple_ann_pt_cpu,shuttle,0.9973,0.9831,1,0.9667,0.9833,no-smote
rt_bin_class_stacking_sklearn,shuttle,0.9973,0.9831,1,0.9667,1,no-smote
rt_bin_class_svc_sklearn,shuttle,0.9973,0.9831,1,0.9667,1,no-smote
rt_bin_class_xgboost_shapley,shuttle,1,1,1,1,1,no-smote
rt_bin_class_adaboost_sklearn,sick_euthyroid,0.9795,0.9103,0.9041,0.9167,0.9668,smote
rt_bin_class_catboost,sick_euthyroid,0.981,0.9155,0.9286,0.9028,0.9738,smote
rt_bin_class_decision_tree_sklearn,sick_euthyroid,0.9605,0.8299,0.8133,0.8472,0.9111,smote
rt_bin_class_ebm_interpretml,sick_euthyroid,0.9716,0.875,0.875,0.875,0.9586,smote
rt_bin_class_extra_trees_sklearn,sick_euthyroid,0.9605,0.812,0.8852,0.75,0.9647,smote
rt_bin_class_knn_sklearn,sick_euthyroid,0.8847,0.6178,0.4958,0.8194,0.8808,smote
rt_bin_class_lightgbm,sick_euthyroid,0.9826,0.922,0.942,0.9028,0.9775,smote
rt_bin_class_logistic_regression_sklearn,sick_euthyroid,0.9194,0.7213,0.5946,0.9167,0.9575,smote
rt_bin_class_mlp_sklearn,sick_euthyroid,0.9431,0.7632,0.725,0.8056,0.9295,smote
rt_bin_class_naive_bayes_sklearn,sick_euthyroid,0.3981,0.2743,0.1589,1,0.6628,smote
rt_bin_class_rf_hyperopt,sick_euthyroid,0.9779,0.9,0.9265,0.875,0.9869,smote
rt_bin_class_simple_ann_pt_cpu,sick_euthyroid,0.9479,0.7871,0.7349,0.8472,0.9492,smote
rt_bin_class_stacking_sklearn,sick_euthyroid,0.9731,0.8741,0.9365,0.8194,0.9776,smote
rt_bin_class_svc_sklearn,sick_euthyroid,0.9352,0.7545,0.6632,0.875,0.9503,smote
rt_bin_class_xgboost_shapley,sick_euthyroid,0.9795,0.9078,0.9275,0.8889,0.9714,smote
rt_bin_class_adaboost_sklearn,sick_euthyroid,0.9795,0.9103,0.9041,0.9167,0.9668,no-smote
rt_bin_class_catboost,sick_euthyroid,0.981,0.913,0.9545,0.875,0.981,no-smote
rt_bin_class_decision_tree_sklearn,sick_euthyroid,0.9652,0.8451,0.8571,0.8333,0.9078,no-smote
rt_bin_class_ebm_interpretml,sick_euthyroid,0.9731,0.8828,0.8767,0.8889,0.9588,no-smote
rt_bin_class_extra_trees_sklearn,sick_euthyroid,0.9589,0.7869,0.96,0.6667,0.9693,no-smote
rt_bin_class_knn_sklearn,sick_euthyroid,0.9352,0.6306,0.8974,0.4861,0.8901,no-smote
rt_bin_class_lightgbm,sick_euthyroid,0.981,0.913,0.9545,0.875,0.9725,no-smote
rt_bin_class_logistic_regression_sklearn,sick_euthyroid,0.9431,0.6897,0.9091,0.5556,0.962,no-smote
rt_bin_class_mlp_sklearn,sick_euthyroid,0.9542,0.782,0.8525,0.7222,0.9378,no-smote
rt_bin_class_naive_bayes_sklearn,sick_euthyroid,0.3965,0.271,0.1571,0.9861,0.6635,no-smote
rt_bin_class_rf_hyperopt,sick_euthyroid,0.9826,0.9197,0.9692,0.875,0.9757,no-smote
rt_bin_class_simple_ann_pt_cpu,sick_euthyroid,0.9621,0.8286,0.8529,0.8056,0.9646,no-smote
rt_bin_class_stacking_sklearn,sick_euthyroid,0.9779,0.8955,0.9677,0.8333,0.9817,no-smote
rt_bin_class_svc_sklearn,sick_euthyroid,0.951,0.7438,0.9184,0.625,0.9467,no-smote
rt_bin_class_xgboost_shapley,sick_euthyroid,0.9795,0.9078,0.9275,0.8889,0.9714,no-smote
rt_bin_class_adaboost_sklearn,solar_flare,0.7662,0.1975,0.1194,0.5714,0.7417,smote
rt_bin_class_catboost,solar_flare,0.9209,0.3125,0.2778,0.3571,0.6894,smote
rt_bin_class_decision_tree_sklearn,solar_flare,0.9029,0.2703,0.2174,0.3571,0.6774,smote
rt_bin_class_ebm_interpretml,solar_flare,0.8885,0.1622,0.1304,0.2143,0.7125,smote
rt_bin_class_extra_trees_sklearn,solar_flare,0.9173,0.303,0.2632,0.3571,0.7493,smote
rt_bin_class_knn_sklearn,solar_flare,0.8957,0.2564,0.2,0.3571,0.676,smote
rt_bin_class_lightgbm,solar_flare,0.9209,0.2667,0.25,0.2857,0.7037,smote
rt_bin_class_logistic_regression_sklearn,solar_flare,0.7698,0.2,0.1212,0.5714,0.7323,smote
rt_bin_class_mlp_sklearn,solar_flare,0.9101,0.2424,0.2105,0.2857,0.5649,smote
rt_bin_class_naive_bayes_sklearn,solar_flare,0.7158,0.1856,0.1084,0.6429,0.6861,smote
rt_bin_class_rf_hyperopt,solar_flare,0.9173,0.2069,0.2,0.2143,0.7964,smote
rt_bin_class_simple_ann_pt_cpu,solar_flare,0.8669,0.1778,0.129,0.2857,0.6416,smote
rt_bin_class_stacking_sklearn,solar_flare,0.9173,0.2581,0.2353,0.2857,0.6357,smote
rt_bin_class_svc_sklearn,solar_flare,0.8705,0.1429,0.1071,0.2143,0.5375,smote
rt_bin_class_xgboost_shapley,solar_flare,0.9173,0.2581,0.2353,0.2857,0.586,smote
rt_bin_class_adaboost_sklearn,solar_flare,0.7662,0.1975,0.1194,0.5714,0.7417,no-smote
rt_bin_class_catboost,solar_flare,0.946,0.3478,0.4444,0.2857,0.7388,no-smote
rt_bin_class_decision_tree_sklearn,solar_flare,0.9245,0.3226,0.2941,0.3571,0.6744,no-smote
rt_bin_class_ebm_interpretml,solar_flare,0.8885,0.1622,0.1304,0.2143,0.7112,no-smote
rt_bin_class_extra_trees_sklearn,solar_flare,0.9424,0.3846,0.4167,0.3571,0.7453,no-smote
rt_bin_class_knn_sklearn,solar_flare,0.9388,0,0,0,0.6803,no-smote
rt_bin_class_lightgbm,solar_flare,0.9388,0.32,0.3636,0.2857,0.7277,no-smote
rt_bin_class_logistic_regression_sklearn,solar_flare,0.9424,0,0,0,0.7921,no-smote
rt_bin_class_mlp_sklearn,solar_flare,0.9281,0.1667,0.2,0.1429,0.6538,no-smote
rt_bin_class_naive_bayes_sklearn,solar_flare,0.8489,0.25,0.1667,0.5,0.7591,no-smote
rt_bin_class_rf_hyperopt,solar_flare,0.9388,0.1905,0.2857,0.1429,0.753,no-smote
rt_bin_class_simple_ann_pt_cpu,solar_flare,0.9424,0.2,0.3333,0.1429,0.5812,no-smote
rt_bin_class_stacking_sklearn,solar_flare,0.9496,0,0,0,0.7722,no-smote
rt_bin_class_svc_sklearn,solar_flare,0.9496,0,0,0,0.7263,no-smote
rt_bin_class_xgboost_shapley,solar_flare,0.9173,0.2581,0.2353,0.2857,0.586,no-smote
rt_bin_class_adaboost_sklearn,thoracic_surgery,0.617,0.7568,0.7671,0.7467,0.4958,no-smote
rt_bin_class_adaboost_sklearn,thoracic_surgery,0.617,0.7568,0.7671,0.7467,0.4958,smote
rt_bin_class_catboost,thoracic_surgery,0.8085,0.8929,0.8065,1,0.4653,no-smote
rt_bin_class_catboost,thoracic_surgery,0.7447,0.8519,0.7931,0.92,0.4635,smote
rt_bin_class_decision_tree_sklearn,thoracic_surgery,0.7553,0.8497,0.8333,0.8667,0.5912,no-smote
rt_bin_class_decision_tree_sklearn,thoracic_surgery,0.7447,0.8481,0.8072,0.8933,0.5256,smote
rt_bin_class_ebm_interpretml,thoracic_surgery,0.7447,0.8481,0.8072,0.8933,0.5467,no-smote
rt_bin_class_ebm_interpretml,thoracic_surgery,0.7447,0.8481,0.8072,0.8933,0.5467,smote
rt_bin_class_extra_trees_sklearn,thoracic_surgery,0.7766,0.8743,0.7935,0.9733,0.5091,no-smote
rt_bin_class_extra_trees_sklearn,thoracic_surgery,0.766,0.8642,0.8046,0.9333,0.5446,smote
rt_bin_class_knn_sklearn,thoracic_surgery,0.7872,0.881,0.7957,0.9867,0.4937,no-smote
rt_bin_class_knn_sklearn,thoracic_surgery,0.6277,0.7619,0.7778,0.7467,0.4474,smote
rt_bin_class_lightgbm,thoracic_surgery,0.8191,0.8982,0.8152,1,0.5228,no-smote
rt_bin_class_lightgbm,thoracic_surgery,0.7766,0.8696,0.814,0.9333,0.5491,smote
rt_bin_class_logistic_regression_sklearn,thoracic_surgery,0.7979,0.8876,0.7979,1,0.4649,no-smote
rt_bin_class_logistic_regression_sklearn,thoracic_surgery,0.5532,0.6912,0.7705,0.6267,0.5081,smote
rt_bin_class_mlp_sklearn,thoracic_surgery,0.7979,0.8848,0.8111,0.9733,0.5084,no-smote
rt_bin_class_mlp_sklearn,thoracic_surgery,0.7234,0.8267,0.8267,0.8267,0.494,smote
rt_bin_class_naive_bayes_sklearn,thoracic_surgery,0.2234,0.1609,0.5833,0.0933,0.4842,no-smote
rt_bin_class_naive_bayes_sklearn,thoracic_surgery,0.2553,0.1463,0.8571,0.08,0.5954,smote
rt_bin_class_rf_hyperopt,thoracic_surgery,0.7979,0.8876,0.7979,1,0.5228,no-smote
rt_bin_class_rf_hyperopt,thoracic_surgery,0.7766,0.8727,0.8,0.96,0.5302,smote
rt_bin_class_simple_ann_pt_cpu,thoracic_surgery,0.7979,0.8876,0.7979,1,0.4014,no-smote
rt_bin_class_simple_ann_pt_cpu,thoracic_surgery,0.7021,0.8133,0.8133,0.8133,0.4902,smote
rt_bin_class_stacking_sklearn,thoracic_surgery,0.7979,0.8876,0.7979,1,0.4979,no-smote
rt_bin_class_stacking_sklearn,thoracic_surgery,0.766,0.8675,0.7912,0.96,0.5256,smote
rt_bin_class_svc_sklearn,thoracic_surgery,0.7979,0.8876,0.7979,1,0.4161,no-smote
rt_bin_class_svc_sklearn,thoracic_surgery,0.6702,0.7919,0.7973,0.7867,0.44,smote
rt_bin_class_xgboost_shapley,thoracic_surgery,0.7553,0.8571,0.8023,0.92,0.5249,no-smote
rt_bin_class_xgboost_shapley,thoracic_surgery,0.7553,0.8571,0.8023,0.92,0.5249,smote
rt_bin_class_adaboost_sklearn,thyroid_disease,0.9762,0.7955,0.7,0.9211,0.9922,no-smote
rt_bin_class_adaboost_sklearn,thyroid_disease,0.9762,0.7955,0.7,0.9211,0.9922,smote
rt_bin_class_catboost,thyroid_disease,0.9907,0.9067,0.9189,0.8947,0.998,no-smote
rt_bin_class_catboost,thyroid_disease,0.9854,0.8642,0.814,0.9211,0.9976,smote
rt_bin_class_decision_tree_sklearn,thyroid_disease,0.9854,0.8493,0.8857,0.8158,0.9051,no-smote
rt_bin_class_decision_tree_sklearn,thyroid_disease,0.9841,0.8462,0.825,0.8684,0.9293,smote
rt_bin_class_ebm_interpretml,thyroid_disease,0.9828,0.8354,0.8049,0.8684,0.9943,no-smote
rt_bin_class_ebm_interpretml,thyroid_disease,0.9841,0.85,0.8095,0.8947,0.994,smote
rt_bin_class_extra_trees_sklearn,thyroid_disease,0.9762,0.7273,0.8571,0.6316,0.9841,no-smote
rt_bin_class_extra_trees_sklearn,thyroid_disease,0.9788,0.7647,0.8667,0.6842,0.9842,smote
rt_bin_class_knn_sklearn,thyroid_disease,0.9762,0.7273,0.8571,0.6316,0.8954,no-smote
rt_bin_class_knn_sklearn,thyroid_disease,0.9523,0.64,0.5161,0.8421,0.9155,smote
rt_bin_class_lightgbm,thyroid_disease,0.9934,0.9333,0.9459,0.9211,0.9981,no-smote
rt_bin_class_lightgbm,thyroid_disease,0.9907,0.9091,0.8974,0.9211,0.9978,smote
rt_bin_class_logistic_regression_sklearn,thyroid_disease,0.9709,0.6765,0.7667,0.6053,0.9741,no-smote
rt_bin_class_logistic_regression_sklearn,thyroid_disease,0.8927,0.4706,0.313,0.9474,0.969,smote
rt_bin_class_mlp_sklearn,thyroid_disease,0.9828,0.8219,0.8571,0.7895,0.9944,no-smote
rt_bin_class_mlp_sklearn,thyroid_disease,0.9775,0.7952,0.7333,0.8684,0.992,smote
rt_bin_class_naive_bayes_sklearn,thyroid_disease,0.3536,0.1317,0.0706,0.9737,0.6653,no-smote
rt_bin_class_naive_bayes_sklearn,thyroid_disease,0.3762,0.1358,0.073,0.9737,0.6758,smote
rt_bin_class_rf_hyperopt,thyroid_disease,0.9828,0.8219,0.8571,0.7895,0.9972,no-smote
rt_bin_class_rf_hyperopt,thyroid_disease,0.9868,0.8649,0.8889,0.8421,0.9968,smote
rt_bin_class_simple_ann_pt_cpu,thyroid_disease,0.9881,0.8831,0.8718,0.8947,0.9941,no-smote
rt_bin_class_simple_ann_pt_cpu,thyroid_disease,0.9735,0.7674,0.6875,0.8684,0.98,smote
rt_bin_class_stacking_sklearn,thyroid_disease,0.9894,0.8947,0.8947,0.8947,0.9972,no-smote
rt_bin_class_stacking_sklearn,thyroid_disease,0.9815,0.8108,0.8333,0.7895,0.9943,smote
rt_bin_class_svc_sklearn,thyroid_disease,0.9828,0.8312,0.8205,0.8421,0.9856,no-smote
rt_bin_class_svc_sklearn,thyroid_disease,0.9762,0.7955,0.7,0.9211,0.9861,smote
rt_bin_class_xgboost_shapley,thyroid_disease,0.9894,0.8974,0.875,0.9211,0.9969,no-smote
rt_bin_class_xgboost_shapley,thyroid_disease,0.9894,0.8974,0.875,0.9211,0.9969,smote
rt_bin_class_adaboost_sklearn,us_crime,0.9023,0.4658,0.3269,0.8095,0.9281,smote
rt_bin_class_catboost,us_crime,0.9273,0.4082,0.3571,0.4762,0.9223,smote
rt_bin_class_decision_tree_sklearn,us_crime,0.8922,0.2182,0.1765,0.2857,0.6058,smote
rt_bin_class_ebm_interpretml,us_crime,0.9248,0.3182,0.3043,0.3333,0.918,smote
rt_bin_class_extra_trees_sklearn,us_crime,0.9499,0.4444,0.5333,0.381,0.9419,smote
rt_bin_class_knn_sklearn,us_crime,0.8747,0.4186,0.2769,0.8571,0.9259,smote
rt_bin_class_lightgbm,us_crime,0.9424,0.303,0.4167,0.2381,0.8905,smote
rt_bin_class_logistic_regression_sklearn,us_crime,0.8922,0.3768,0.2708,0.619,0.9238,smote
rt_bin_class_mlp_sklearn,us_crime,0.9298,0.3333,0.3333,0.3333,0.8746,smote
rt_bin_class_naive_bayes_sklearn,us_crime,0.8647,0.413,0.2676,0.9048,0.912,smote
rt_bin_class_rf_hyperopt,us_crime,0.9373,0.4444,0.4167,0.4762,0.9387,smote
rt_bin_class_simple_ann_pt_cpu,us_crime,0.9223,0.3111,0.2917,0.3333,0.827,smote
rt_bin_class_stacking_sklearn,us_crime,0.9373,0.2424,0.3333,0.1905,0.9407,smote
rt_bin_class_svc_sklearn,us_crime,0.9348,0.4348,0.4,0.4762,0.9255,smote
rt_bin_class_xgboost_shapley,us_crime,0.9373,0.3902,0.4,0.381,0.929,smote
rt_bin_class_adaboost_sklearn,us_crime,0.9023,0.4507,0.32,0.7619,0.9288,no-smote
rt_bin_class_catboost,us_crime,0.9499,0.3333,0.5556,0.2381,0.9413,no-smote
rt_bin_class_decision_tree_sklearn,us_crime,0.9248,0.4,0.3448,0.4762,0.713,no-smote
rt_bin_class_ebm_interpretml,us_crime,0.9173,0.2326,0.2273,0.2381,0.9188,no-smote
rt_bin_class_extra_trees_sklearn,us_crime,0.9499,0.2857,0.5714,0.1905,0.9421,no-smote
rt_bin_class_knn_sklearn,us_crime,0.9398,0.2,0.3333,0.1429,0.8533,no-smote
rt_bin_class_lightgbm,us_crime,0.9524,0.2963,0.6667,0.1905,0.9145,no-smote
rt_bin_class_logistic_regression_sklearn,us_crime,0.9449,0.3529,0.4615,0.2857,0.9312,no-smote
rt_bin_class_mlp_sklearn,us_crime,0.9424,0.3429,0.4286,0.2857,0.894,no-smote
rt_bin_class_naive_bayes_sklearn,us_crime,0.8747,0.4318,0.2836,0.9048,0.9364,no-smote
rt_bin_class_rf_hyperopt,us_crime,0.9549,0.4,0.6667,0.2857,0.944,no-smote
rt_bin_class_simple_ann_pt_cpu,us_crime,0.9298,0.2632,0.2941,0.2381,0.7706,no-smote
rt_bin_class_stacking_sklearn,us_crime,0.9449,0.3125,0.4545,0.2381,0.9468,no-smote
rt_bin_class_svc_sklearn,us_crime,0.9474,0.3226,0.5,0.2381,0.8279,no-smote
rt_bin_class_xgboost_shapley,us_crime,0.9323,0.3415,0.35,0.3333,0.9291,no-smote
rt_bin_class_adaboost_sklearn,vowel,0.9798,0.9167,0.9167,0.9167,0.9911,smote
rt_bin_class_catboost,vowel,0.9949,0.9787,1,0.9583,0.9988,smote
rt_bin_class_decision_tree_sklearn,vowel,0.9798,0.913,0.9545,0.875,0.9346,smote
rt_bin_class_ebm_interpretml,vowel,0.9848,0.9388,0.92,0.9583,0.9939,smote
rt_bin_class_extra_trees_sklearn,vowel,0.9949,0.9787,1,0.9583,1,smote
rt_bin_class_knn_sklearn,vowel,1,1,1,1,1,smote
rt_bin_class_lightgbm,vowel,0.9848,0.9333,1,0.875,0.9787,smote
rt_bin_class_logistic_regression_sklearn,vowel,0.9394,0.7778,0.7,0.875,0.9873,smote
rt_bin_class_mlp_sklearn,vowel,1,1,1,1,1,smote
rt_bin_class_naive_bayes_sklearn,vowel,0.8586,0.5882,0.4545,0.8333,0.9501,smote
rt_bin_class_rf_hyperopt,vowel,0.9949,0.9787,1,0.9583,0.9993,smote
rt_bin_class_simple_ann_pt_cpu,vowel,1,1,1,1,1,smote
rt_bin_class_stacking_sklearn,vowel,1,1,1,1,1,smote
rt_bin_class_svc_sklearn,vowel,1,1,1,1,1,smote
rt_bin_class_xgboost_shapley,vowel,0.9848,0.9333,1,0.875,0.9947,smote
rt_bin_class_adaboost_sklearn,vowel,0.9798,0.9167,0.9167,0.9167,0.9911,no-smote
rt_bin_class_catboost,vowel,0.9899,0.9583,0.9583,0.9583,0.9988,no-smote
rt_bin_class_decision_tree_sklearn,vowel,0.9798,0.9167,0.9167,0.9167,0.9526,no-smote
rt_bin_class_ebm_interpretml,vowel,0.9848,0.9388,0.92,0.9583,0.9939,no-smote
rt_bin_class_extra_trees_sklearn,vowel,1,1,1,1,1,no-smote
rt_bin_class_knn_sklearn,vowel,0.9949,0.9787,1,0.9583,1,no-smote
rt_bin_class_lightgbm,vowel,0.9848,0.9333,1,0.875,0.9989,no-smote
rt_bin_class_logistic_regression_sklearn,vowel,0.9596,0.8095,0.9444,0.7083,0.9842,no-smote
rt_bin_class_mlp_sklearn,vowel,1,1,1,1,1,no-smote
rt_bin_class_naive_bayes_sklearn,vowel,0.9242,0.717,0.6552,0.7917,0.9597,no-smote
rt_bin_class_rf_hyperopt,vowel,0.9899,0.9565,1,0.9167,0.997,no-smote
rt_bin_class_simple_ann_pt_cpu,vowel,1,1,1,1,1,no-smote
rt_bin_class_stacking_sklearn,vowel,1,1,1,1,1,no-smote
rt_bin_class_svc_sklearn,vowel,1,1,1,1,1,no-smote
rt_bin_class_xgboost_shapley,vowel,0.9848,0.9333,1,0.875,0.9947,no-smote
rt_bin_class_adaboost_sklearn,wilt,0.9039,0.4918,0.3409,0.8824,0.9686,no-smote
rt_bin_class_adaboost_sklearn,wilt,0.9039,0.4918,0.3409,0.8824,0.9686,smote
rt_bin_class_catboost,wilt,0.9773,0.7317,0.9677,0.5882,0.9933,no-smote
rt_bin_class_catboost,wilt,0.9824,0.8468,0.7833,0.9216,0.9955,smote
rt_bin_class_decision_tree_sklearn,wilt,0.9804,0.7912,0.9,0.7059,0.8508,no-smote
rt_bin_class_decision_tree_sklearn,wilt,0.9783,0.7921,0.8,0.7843,0.8867,smote
rt_bin_class_ebm_interpretml,wilt,0.9876,0.8846,0.8679,0.902,0.9872,no-smote
rt_bin_class_ebm_interpretml,wilt,0.9876,0.8846,0.8679,0.902,0.9872,smote
rt_bin_class_extra_trees_sklearn,wilt,0.9835,0.8222,0.9487,0.7255,0.9949,no-smote
rt_bin_class_extra_trees_sklearn,wilt,0.9855,0.8511,0.9302,0.7843,0.9947,smote
rt_bin_class_knn_sklearn,wilt,0.9649,0.5143,0.9474,0.3529,0.8629,no-smote
rt_bin_class_knn_sklearn,wilt,0.9649,0.6964,0.6393,0.7647,0.891,smote
rt_bin_class_lightgbm,wilt,0.9804,0.7957,0.881,0.7255,0.9662,no-smote
rt_bin_class_lightgbm,wilt,0.9814,0.82,0.8367,0.8039,0.9835,smote
rt_bin_class_logistic_regression_sklearn,wilt,0.9566,0.3226,0.9091,0.1961,0.9787,no-smote
rt_bin_class_logistic_regression_sklearn,wilt,0.9514,0.6619,0.5227,0.902,0.9823,smote
rt_bin_class_mlp_sklearn,wilt,0.9835,0.8261,0.9268,0.7451,0.9979,no-smote
rt_bin_class_mlp_sklearn,wilt,0.9845,0.8624,0.8103,0.9216,0.9972,smote
rt_bin_class_naive_bayes_sklearn,wilt,0.9494,0.4096,0.5312,0.3333,0.8299,no-smote
rt_bin_class_naive_bayes_sklearn,wilt,0.6353,0.1959,0.1108,0.8431,0.8276,smote
rt_bin_class_rf_hyperopt,wilt,0.9814,0.7907,0.9714,0.6667,0.993,no-smote
rt_bin_class_rf_hyperopt,wilt,0.9845,0.8421,0.9091,0.7843,0.9894,smote
rt_bin_class_simple_ann_pt_cpu,wilt,0.9835,0.8222,0.9487,0.7255,0.9976,no-smote
rt_bin_class_simple_ann_pt_cpu,wilt,0.9773,0.78,0.7959,0.7647,0.9897,smote
rt_bin_class_stacking_sklearn,wilt,0.9835,0.8261,0.9268,0.7451,0.9975,no-smote
rt_bin_class_stacking_sklearn,wilt,0.9814,0.8085,0.8837,0.7451,0.9945,smote
rt_bin_class_svc_sklearn,wilt,0.9845,0.8387,0.9286,0.7647,0.9957,no-smote
rt_bin_class_svc_sklearn,wilt,0.9845,0.8571,0.8333,0.8824,0.9951,smote
rt_bin_class_xgboost_shapley,wilt,0.9866,0.8738,0.8654,0.8824,0.9903,no-smote
rt_bin_class_xgboost_shapley,wilt,0.9866,0.8738,0.8654,0.8824,0.9903,smote
rt_bin_class_adaboost_sklearn,wine_quality,0.8449,0.2,0.1188,0.6333,0.7521,smote
rt_bin_class_catboost,wine_quality,0.9122,0.2456,0.1667,0.4667,0.8017,smote
rt_bin_class_decision_tree_sklearn,wine_quality,0.9296,0.2418,0.1803,0.3667,0.657,smote
rt_bin_class_ebm_interpretml,wine_quality,0.9571,0.2759,0.2857,0.2667,0.7665,smote
rt_bin_class_extra_trees_sklearn,wine_quality,0.9694,0.3478,0.5,0.2667,0.8909,smote
rt_bin_class_knn_sklearn,wine_quality,0.9041,0.2656,0.1735,0.5667,0.7667,smote
rt_bin_class_lightgbm,wine_quality,0.9653,0.3704,0.4167,0.3333,0.8318,smote
rt_bin_class_logistic_regression_sklearn,wine_quality,0.7867,0.1673,0.095,0.7,0.7302,smote
rt_bin_class_mlp_sklearn,wine_quality,0.949,0.2857,0.25,0.3333,0.7654,smote
rt_bin_class_naive_bayes_sklearn,wine_quality,0.799,0.1545,0.0887,0.6,0.7162,smote
rt_bin_class_rf_hyperopt,wine_quality,0.9663,0.3529,0.4286,0.3,0.8334,smote
rt_bin_class_simple_ann_pt_cpu,wine_quality,0.949,0.3243,0.2727,0.4,0.7826,smote
rt_bin_class_stacking_sklearn,wine_quality,0.9704,0.3256,0.5385,0.2333,0.8363,smote
rt_bin_class_svc_sklearn,wine_quality,0.9143,0.2364,0.1625,0.4333,0.7872,smote
rt_bin_class_xgboost_shapley,wine_quality,0.9653,0.3929,0.4231,0.3667,0.8115,smote
rt_bin_class_adaboost_sklearn,wine_quality,0.8469,0.2021,0.1203,0.6333,0.7521,no-smote
rt_bin_class_catboost,wine_quality,0.9704,0.1212,0.6667,0.0667,0.8289,no-smote
rt_bin_class_decision_tree_sklearn,wine_quality,0.952,0.2985,0.2703,0.3333,0.6525,no-smote
rt_bin_class_ebm_interpretml,wine_quality,0.9571,0.2759,0.2857,0.2667,0.7665,no-smote
rt_bin_class_extra_trees_sklearn,wine_quality,0.9714,0.2632,0.625,0.1667,0.8945,no-smote
rt_bin_class_knn_sklearn,wine_quality,0.9684,0.1622,0.4286,0.1,0.7467,no-smote
rt_bin_class_lightgbm,wine_quality,0.9745,0.359,0.7778,0.2333,0.8424,no-smote
rt_bin_class_logistic_regression_sklearn,wine_quality,0.9684,0,0,0,0.7167,no-smote
rt_bin_class_mlp_sklearn,wine_quality,0.9612,0.24,0.3,0.2,0.7998,no-smote
rt_bin_class_naive_bayes_sklearn,wine_quality,0.951,0.2258,0.2188,0.2333,0.7834,no-smote
rt_bin_class_rf_hyperopt,wine_quality,0.9735,0.3158,0.75,0.2,0.9062,no-smote
rt_bin_class_simple_ann_pt_cpu,wine_quality,0.9704,0.3256,0.5385,0.2333,0.8352,no-smote
rt_bin_class_stacking_sklearn,wine_quality,0.9704,0.2162,0.5714,0.1333,0.8759,no-smote
rt_bin_class_svc_sklearn,wine_quality,0.9694,0.2105,0.5,0.1333,0.8474,no-smote
rt_bin_class_xgboost_shapley,wine_quality,0.9653,0.3929,0.4231,0.3667,0.8115,no-smote
rt_bin_class_adaboost_sklearn,yeast,0.9394,0.7955,0.6863,0.9459,0.967,smote
rt_bin_class_catboost,yeast,0.9596,0.85,0.7907,0.9189,0.9808,smote
rt_bin_class_decision_tree_sklearn,yeast,0.9327,0.7436,0.7073,0.7838,0.8688,smote
rt_bin_class_ebm_interpretml,yeast,0.9562,0.8267,0.8158,0.8378,0.9608,smote
rt_bin_class_extra_trees_sklearn,yeast,0.9428,0.7536,0.8125,0.7027,0.982,smote
rt_bin_class_knn_sklearn,yeast,0.9192,0.7447,0.614,0.9459,0.9673,smote
rt_bin_class_lightgbm,yeast,0.9327,0.7297,0.7297,0.7297,0.9718,smote
rt_bin_class_logistic_regression_sklearn,yeast,0.899,0.6739,0.5636,0.8378,0.9584,smote
rt_bin_class_mlp_sklearn,yeast,0.9327,0.75,0.6977,0.8108,0.9681,smote
rt_bin_class_naive_bayes_sklearn,yeast,0.3569,0.2792,0.1623,1,0.9621,smote
rt_bin_class_rf_hyperopt,yeast,0.9495,0.7945,0.8056,0.7838,0.9772,smote
rt_bin_class_simple_ann_pt_cpu,yeast,0.9293,0.7529,0.6667,0.8649,0.9659,smote
rt_bin_class_stacking_sklearn,yeast,0.9327,0.7368,0.7179,0.7568,0.9783,smote
rt_bin_class_svc_sklearn,yeast,0.9394,0.7805,0.7111,0.8649,0.9771,smote
rt_bin_class_xgboost_shapley,yeast,0.936,0.7467,0.7368,0.7568,0.9672,smote
rt_bin_class_adaboost_sklearn,yeast,0.9394,0.7955,0.6863,0.9459,0.967,no-smote
rt_bin_class_catboost,yeast,0.9394,0.7353,0.8065,0.6757,0.9835,no-smote
rt_bin_class_decision_tree_sklearn,yeast,0.9125,0.6061,0.6897,0.5405,0.753,no-smote
rt_bin_class_ebm_interpretml,yeast,0.9562,0.8267,0.8158,0.8378,0.9608,no-smote
rt_bin_class_extra_trees_sklearn,yeast,0.9394,0.7187,0.8519,0.6216,0.9838,no-smote
rt_bin_class_knn_sklearn,yeast,0.9394,0.7273,0.8276,0.6486,0.9782,no-smote
rt_bin_class_lightgbm,yeast,0.9259,0.6562,0.7778,0.5676,0.9746,no-smote
rt_bin_class_logistic_regression_sklearn,yeast,0.936,0.6984,0.8462,0.5946,0.9644,no-smote
rt_bin_class_mlp_sklearn,yeast,0.9428,0.7606,0.7941,0.7297,0.973,no-smote
rt_bin_class_naive_bayes_sklearn,yeast,0.4276,0.3033,0.1787,1,0.957,no-smote
rt_bin_class_rf_hyperopt,yeast,0.9428,0.7385,0.8571,0.6486,0.9799,no-smote
rt_bin_class_simple_ann_pt_cpu,yeast,0.9461,0.7714,0.8182,0.7297,0.9794,no-smote
rt_bin_class_stacking_sklearn,yeast,0.9394,0.7353,0.8065,0.6757,0.9795,no-smote
rt_bin_class_svc_sklearn,yeast,0.9461,0.7714,0.8182,0.7297,0.9815,no-smote
rt_bin_class_xgboost_shapley,yeast,0.936,0.7467,0.7368,0.7568,0.9672,no-smote
