model,dataset,metric,threshold_0.1,threshold_0.2,threshold_0.3,threshold_0.4,threshold_0.5,no-smote,smote
adaboost,auction,accuracy,0.1345,0.1345,0.1345,0.1345,0.8264,0.8264,0.8264
adaboost,auction,precision,0.1345,0.1345,0.1345,0.1345,0.4231,0.4231,0.4231
adaboost,auction,recall,1.0000,1.0000,1.0000,1.0000,0.8000,0.8000,0.8000
adaboost,chess,accuracy,0.0327,0.1050,0.4578,0.8021,0.9639,0.9639,0.9639
adaboost,chess,precision,0.0327,0.0353,0.0569,0.1418,0.4750,0.4750,0.4750
adaboost,chess,recall,1.0000,1.0000,1.0000,1.0000,1.0000,1.0000,1.0000
adaboost,climate_simulation_crashes,accuracy,0.9074,0.9074,0.9074,0.9167,0.9167,0.9167,0.9167
adaboost,climate_simulation_crashes,precision,0.9074,0.9074,0.9074,0.9159,0.9785,0.9785,0.9785
adaboost,climate_simulation_crashes,recall,1.0000,1.0000,1.0000,1.0000,0.9286,0.9286,0.9286
adaboost,club_loan,accuracy,0.1592,0.1592,0.1592,0.1592,0.6409,0.6409,0.6414
adaboost,club_loan,precision,0.1592,0.1592,0.1592,0.1592,0.2450,0.2450,0.2474
adaboost,club_loan,recall,1.0000,1.0000,1.0000,1.0000,0.6033,0.6033,0.6131
adaboost,coil_2000,accuracy,0.0606,0.0606,0.0606,0.0606,0.7115,0.7150,0.7115
adaboost,coil_2000,precision,0.0606,0.0606,0.0606,0.0606,0.1098,0.1111,0.1138
adaboost,coil_2000,recall,1.0000,1.0000,1.0000,1.0000,0.5294,0.5294,0.5546
adaboost,graduation,accuracy,0.0562,0.0562,0.0621,0.1272,0.7012,0.7012,0.7012
adaboost,graduation,precision,0.0562,0.0562,0.0565,0.0577,0.1132,0.1132,0.1132
adaboost,graduation,recall,1.0000,1.0000,1.0000,0.9474,0.6316,0.6316,0.6316
adaboost,jm1,accuracy,0.1925,0.1925,0.1925,0.1925,0.6890,0.6895,0.6913
adaboost,jm1,precision,0.1925,0.1925,0.1925,0.1925,0.3359,0.3367,0.3401
adaboost,jm1,recall,1.0000,1.0000,1.0000,1.0000,0.6301,0.6325,0.6420
adaboost,kc1,accuracy,0.1564,0.1564,0.1564,0.2133,0.6232,0.6256,0.6232
adaboost,kc1,precision,0.1564,0.1564,0.1564,0.1658,0.2591,0.2604,0.2591
adaboost,kc1,recall,1.0000,1.0000,1.0000,1.0000,0.7576,0.7576,0.7576
adaboost,letter_img,accuracy,0.0333,0.1517,0.5270,0.7640,0.9377,0.9378,0.9378
adaboost,letter_img,precision,0.0330,0.0374,0.0652,0.1220,0.3406,0.3406,0.3406
adaboost,letter_img,recall,1.0000,1.0000,1.0000,0.9924,0.9470,0.9470,0.9470
adaboost,mammography,accuracy,0.0224,0.0224,0.0224,0.0384,0.9334,0.9334,0.9334
adaboost,mammography,precision,0.0224,0.0224,0.0224,0.0227,0.2353,0.2353,0.2353
adaboost,mammography,recall,1.0000,1.0000,1.0000,1.0000,0.8800,0.8800,0.8800
adaboost,optical_digits,accuracy,0.0934,0.0934,0.0934,0.3915,0.9546,0.9546,0.9537
adaboost,optical_digits,precision,0.0934,0.0934,0.0934,0.1331,0.7143,0.7143,0.7087
adaboost,optical_digits,recall,1.0000,1.0000,1.0000,1.0000,0.8571,0.8571,0.8571
adaboost,ozone_level,accuracy,0.0651,0.0651,0.1499,0.4596,0.8107,0.8028,0.8107
adaboost,ozone_level,precision,0.0651,0.0651,0.0711,0.1075,0.1942,0.1869,0.2000
adaboost,ozone_level,recall,1.0000,1.0000,1.0000,1.0000,0.6061,0.6061,0.6364
adaboost,page_blocks,accuracy,0.1078,0.1078,0.1078,0.3078,0.9388,0.9388,0.9388
adaboost,page_blocks,precision,0.1078,0.1078,0.1078,0.1347,0.6545,0.6545,0.6545
adaboost,page_blocks,recall,1.0000,1.0000,1.0000,1.0000,0.9153,0.9153,0.9153
adaboost,pc1,accuracy,0.0856,0.0856,0.0856,0.1802,0.7793,0.7793,0.7793
adaboost,pc1,precision,0.0856,0.0856,0.0856,0.0945,0.2414,0.2414,0.2414
adaboost,pc1,recall,1.0000,1.0000,1.0000,1.0000,0.7368,0.7368,0.7368
adaboost,pen_digits,accuracy,0.0969,0.0969,0.0973,0.2760,0.9336,0.9336,0.9336
adaboost,pen_digits,precision,0.0969,0.0969,0.0969,0.1180,0.6031,0.6031,0.6031
adaboost,pen_digits,recall,1.0000,1.0000,1.0000,1.0000,0.9202,0.9202,0.9202
adaboost,pie_chart,accuracy,0.1620,0.1620,0.2315,0.4583,0.7500,0.7500,0.7500
adaboost,pie_chart,precision,0.1620,0.1620,0.1709,0.2267,0.3538,0.3538,0.3538
adaboost,pie_chart,recall,1.0000,1.0000,0.9714,0.9714,0.6571,0.6571,0.6571
adaboost,satellite,accuracy,0.0176,0.0176,0.0186,0.7206,0.9833,0.9833,0.9833
adaboost,satellite,precision,0.0176,0.0176,0.0177,0.0594,0.5172,0.5172,0.5172
adaboost,satellite,recall,1.0000,1.0000,1.0000,1.0000,0.8333,0.8333,0.8333
adaboost,satimage,accuracy,0.1010,0.2347,0.3893,0.6333,0.8244,0.8244,0.8244
adaboost,satimage,precision,0.1010,0.1166,0.1411,0.2140,0.3519,0.3519,0.3519
adaboost,satimage,recall,1.0000,1.0000,0.9923,0.9846,0.8769,0.8769,0.8769
adaboost,seismic_bumps,accuracy,0.0716,0.0716,0.0909,0.1644,0.7737,0.7737,0.7737
adaboost,seismic_bumps,precision,0.0716,0.0716,0.0730,0.0771,0.1721,0.1721,0.1721
adaboost,seismic_bumps,recall,1.0000,1.0000,1.0000,0.9730,0.5676,0.5676,0.5676
adaboost,shuttle,accuracy,1.0000,1.0000,1.0000,1.0000,1.0000,1.0000,1.0000
adaboost,shuttle,precision,1.0000,1.0000,1.0000,1.0000,1.0000,1.0000,1.0000
adaboost,shuttle,recall,1.0000,1.0000,1.0000,1.0000,1.0000,1.0000,1.0000
adaboost,sick_euthyroid,accuracy,0.1185,0.1975,0.3444,0.5087,0.9795,0.9795,0.9795
adaboost,sick_euthyroid,precision,0.1143,0.1241,0.1478,0.1847,0.9041,0.9041,0.9041
adaboost,sick_euthyroid,recall,1.0000,1.0000,1.0000,0.9722,0.9167,0.9167,0.9167
adaboost,solar_flare,accuracy,0.0504,0.0504,0.0504,0.1079,0.7662,0.7662,0.7662
adaboost,solar_flare,precision,0.0504,0.0504,0.0504,0.0534,0.1194,0.1194,0.1194
adaboost,solar_flare,recall,1.0000,1.0000,1.0000,1.0000,0.5714,0.5714,0.5714
adaboost,thoracic_surgery,accuracy,0.7979,0.7979,0.7979,0.7979,0.6170,0.6170,0.6170
adaboost,thoracic_surgery,precision,0.7979,0.7979,0.7979,0.7979,0.7671,0.7671,0.7671
adaboost,thoracic_surgery,recall,1.0000,1.0000,1.0000,1.0000,0.7467,0.7467,0.7467
adaboost,thyroid_disease,accuracy,0.0503,0.0503,0.0755,0.3722,0.9762,0.9762,0.9762
adaboost,thyroid_disease,precision,0.0503,0.0503,0.0516,0.0742,0.7000,0.7000,0.7000
adaboost,thyroid_disease,recall,1.0000,1.0000,1.0000,1.0000,0.9211,0.9211,0.9211
adaboost,us_crime,accuracy,0.0526,0.1579,0.4837,0.6917,0.8947,0.9023,0.9023
adaboost,us_crime,precision,0.0526,0.0588,0.0925,0.1458,0.3019,0.3200,0.3269
adaboost,us_crime,recall,1.0000,1.0000,1.0000,1.0000,0.7619,0.7619,0.8095
adaboost,vowel,accuracy,0.1212,0.1212,0.7222,0.8838,0.9798,0.9798,0.9798
adaboost,vowel,precision,0.1212,0.1212,0.3038,0.5111,0.9167,0.9167,0.9167
adaboost,vowel,recall,1.0000,1.0000,1.0000,0.9583,0.9167,0.9167,0.9167
adaboost,wilt,accuracy,0.0527,0.0527,0.0527,0.1395,0.9039,0.9039,0.9039
adaboost,wilt,precision,0.0527,0.0527,0.0527,0.0577,0.3409,0.3409,0.3409
adaboost,wilt,recall,1.0000,1.0000,1.0000,1.0000,0.8824,0.8824,0.8824
adaboost,wine_quality,accuracy,0.0306,0.0306,0.0306,0.0357,0.8469,0.8469,0.8449
adaboost,wine_quality,precision,0.0306,0.0306,0.0306,0.0308,0.1203,0.1203,0.1188
adaboost,wine_quality,recall,1.0000,1.0000,1.0000,1.0000,0.6333,0.6333,0.6333
adaboost,yeast,accuracy,0.1279,0.2020,0.6902,0.7441,0.9394,0.9394,0.9394
adaboost,yeast,precision,0.1250,0.1350,0.2868,0.3211,0.6863,0.6863,0.6863
adaboost,yeast,recall,1.0000,1.0000,1.0000,0.9459,0.9459,0.9459,0.9459
catboost,auction,accuracy,0.9364,0.9731,0.9829,0.9853,0.9927,0.9927,0.9804
catboost,auction,precision,0.6883,0.8548,0.9138,0.9298,1.0000,1.0000,0.8983
catboost,auction,recall,0.9636,0.9636,0.9636,0.9636,0.9455,0.9455,0.9636
catboost,chess,accuracy,0.9897,0.9966,0.9948,0.9948,0.9931,0.9931,0.9948
catboost,chess,precision,0.7600,0.9048,0.9000,0.9444,0.9412,0.9412,0.8636
catboost,chess,recall,1.0000,1.0000,0.9474,0.8947,0.8421,0.8421,1.0000
catboost,climate_simulation_crashes,accuracy,0.9167,0.9259,0.9259,0.9352,0.9352,0.9352,0.9444
catboost,climate_simulation_crashes,precision,0.9159,0.9245,0.9245,0.9333,0.9333,0.9333,0.9694
catboost,climate_simulation_crashes,recall,1.0000,1.0000,1.0000,1.0000,1.0000,1.0000,0.9694
catboost,club_loan,accuracy,0.3878,0.7244,0.8152,0.8351,0.8377,0.8377,0.7516
catboost,club_loan,precision,0.1931,0.2729,0.3690,0.4000,0.3636,0.3636,0.2507
catboost,club_loan,recall,0.8951,0.4393,0.2262,0.0721,0.0262,0.0262,0.2820
catboost,coil_2000,accuracy,0.8366,0.9130,0.9308,0.9359,0.9389,0.9389,0.9216
catboost,coil_2000,precision,0.1656,0.2111,0.2424,0.1818,0.4000,0.4000,0.2222
catboost,coil_2000,recall,0.4202,0.1597,0.0672,0.0168,0.0168,0.0168,0.1176
catboost,graduation,accuracy,0.6953,0.8757,0.9290,0.9408,0.9408,0.9408,0.7544
catboost,graduation,precision,0.1038,0.0741,0.2222,0.0000,0.0000,0.0000,0.0897
catboost,graduation,recall,0.5789,0.1053,0.1053,0.0000,0.0000,0.0000,0.3684
catboost,jm1,accuracy,0.4120,0.7000,0.7836,0.8117,0.8130,0.8130,0.7639
catboost,jm1,precision,0.2399,0.3465,0.4266,0.5236,0.5667,0.5667,0.4063
catboost,jm1,recall,0.9475,0.6301,0.3604,0.2387,0.1217,0.1217,0.4916
catboost,kc1,accuracy,0.5900,0.7583,0.8341,0.8531,0.8673,0.8626,0.7441
catboost,kc1,precision,0.2622,0.3548,0.4677,0.5769,0.8125,0.7222,0.3220
catboost,kc1,recall,0.8939,0.6667,0.4394,0.2273,0.1970,0.1970,0.5758
catboost,letter_img,accuracy,0.9898,0.9958,0.9950,0.9938,0.9922,0.9922,0.9920
catboost,letter_img,precision,0.7791,0.9259,0.9516,0.9735,0.9810,0.9810,0.8289
catboost,letter_img,recall,0.9621,0.9470,0.8939,0.8333,0.7803,0.7803,0.9545
catboost,mammography,accuracy,0.9817,0.9888,0.9915,0.9906,0.9893,0.9893,0.9736
catboost,mammography,precision,0.5652,0.7451,0.8605,0.8718,0.8611,0.8611,0.4536
catboost,mammography,recall,0.7800,0.7600,0.7400,0.6800,0.6200,0.6200,0.8800
catboost,optical_digits,accuracy,0.9858,0.9920,0.9929,0.9911,0.9911,0.9911,0.9911
catboost,optical_digits,precision,0.8739,0.9528,0.9802,0.9798,0.9897,0.9897,0.9798
catboost,optical_digits,recall,0.9905,0.9619,0.9429,0.9238,0.9143,0.9143,0.9238
catboost,ozone_level,accuracy,0.8915,0.9231,0.9329,0.9408,0.9408,0.9349,0.9152
catboost,ozone_level,precision,0.3281,0.4062,0.4706,0.6667,0.6667,0.5000,0.3684
catboost,ozone_level,recall,0.6364,0.3939,0.2424,0.1818,0.1818,0.1515,0.4242
catboost,page_blocks,accuracy,0.9598,0.9790,0.9808,0.9790,0.9753,0.9753,0.9726
catboost,page_blocks,precision,0.7372,0.8682,0.9145,0.9204,0.9252,0.9252,0.8235
catboost,page_blocks,recall,0.9746,0.9492,0.9068,0.8814,0.8390,0.8390,0.9492
catboost,pc1,accuracy,0.8694,0.9054,0.9189,0.9279,0.9234,0.9234,0.9009
catboost,pc1,precision,0.3611,0.4167,0.6000,1.0000,1.0000,1.0000,0.4286
catboost,pc1,recall,0.6842,0.2632,0.1579,0.1579,0.1053,0.1053,0.4737
catboost,pen_digits,accuracy,0.9936,0.9977,0.9977,0.9973,0.9973,0.9973,0.9982
catboost,pen_digits,precision,0.9422,0.9952,1.0000,1.0000,1.0000,1.0000,0.9953
catboost,pen_digits,recall,0.9953,0.9812,0.9765,0.9718,0.9718,0.9718,0.9859
catboost,pie_chart,accuracy,0.7731,0.8102,0.8380,0.8426,0.8472,0.8472,0.8333
catboost,pie_chart,precision,0.3871,0.4211,0.5000,0.5333,0.6667,0.6667,0.4828
catboost,pie_chart,recall,0.6857,0.4571,0.2571,0.2286,0.1143,0.1143,0.4000
catboost,satellite,accuracy,0.9922,0.9931,0.9931,0.9941,0.9951,0.9951,0.9912
catboost,satellite,precision,0.8125,0.8667,0.8667,0.9286,1.0000,1.0000,0.7647
catboost,satellite,recall,0.7222,0.7222,0.7222,0.7222,0.7222,0.7222,0.7222
catboost,satimage,accuracy,0.8695,0.9068,0.9293,0.9402,0.9464,0.9464,0.9176
catboost,satimage,precision,0.4321,0.5248,0.6226,0.7023,0.7961,0.7961,0.5638
catboost,satimage,recall,0.9308,0.8154,0.7615,0.7077,0.6308,0.6308,0.8154
catboost,seismic_bumps,accuracy,0.8375,0.9149,0.9226,0.9304,0.9304,0.9304,0.8472
catboost,seismic_bumps,precision,0.2360,0.3704,0.3636,0.6000,1.0000,1.0000,0.1613
catboost,seismic_bumps,recall,0.5676,0.2703,0.1081,0.0811,0.0270,0.0270,0.2703
catboost,shuttle,accuracy,1.0000,1.0000,1.0000,1.0000,1.0000,1.0000,1.0000
catboost,shuttle,precision,1.0000,1.0000,1.0000,1.0000,1.0000,1.0000,1.0000
catboost,shuttle,recall,1.0000,1.0000,1.0000,1.0000,1.0000,1.0000,1.0000
catboost,sick_euthyroid,accuracy,0.9747,0.9810,0.9826,0.9826,0.9810,0.9810,0.9810
catboost,sick_euthyroid,precision,0.8784,0.9286,0.9552,0.9552,0.9545,0.9545,0.9286
catboost,sick_euthyroid,recall,0.9028,0.9028,0.8889,0.8889,0.8750,0.8750,0.9028
catboost,solar_flare,accuracy,0.8777,0.9209,0.9317,0.9388,0.9460,0.9460,0.9209
catboost,solar_flare,precision,0.1875,0.2500,0.3077,0.3636,0.4444,0.4444,0.2778
catboost,solar_flare,recall,0.4286,0.2857,0.2857,0.2857,0.2857,0.2857,0.3571
catboost,thoracic_surgery,accuracy,0.7979,0.7979,0.7979,0.7979,0.8085,0.8085,0.7447
catboost,thoracic_surgery,precision,0.7979,0.7979,0.7979,0.7979,0.8065,0.8065,0.7931
catboost,thoracic_surgery,recall,1.0000,1.0000,1.0000,1.0000,1.0000,1.0000,0.9200
catboost,thyroid_disease,accuracy,0.9801,0.9841,0.9894,0.9907,0.9907,0.9907,0.9854
catboost,thyroid_disease,precision,0.7255,0.7826,0.8571,0.8974,0.9189,0.9189,0.8140
catboost,thyroid_disease,recall,0.9737,0.9474,0.9474,0.9211,0.8947,0.8947,0.9211
catboost,us_crime,accuracy,0.9123,0.9398,0.9424,0.9499,0.9549,0.9499,0.9273
catboost,us_crime,precision,0.3250,0.4400,0.4375,0.5455,0.6667,0.5556,0.3571
catboost,us_crime,recall,0.6190,0.5238,0.3333,0.2857,0.2857,0.2381,0.4762
catboost,vowel,accuracy,0.9899,0.9899,0.9899,0.9899,0.9899,0.9899,0.9949
catboost,vowel,precision,0.9583,0.9583,0.9583,0.9583,0.9583,0.9583,1.0000
catboost,vowel,recall,0.9583,0.9583,0.9583,0.9583,0.9583,0.9583,0.9583
catboost,wilt,accuracy,0.9855,0.9866,0.9835,0.9783,0.9773,0.9773,0.9824
catboost,wilt,precision,0.8246,0.9318,0.9268,0.9167,0.9677,0.9677,0.7833
catboost,wilt,recall,0.9216,0.8039,0.7451,0.6471,0.5882,0.5882,0.9216
catboost,wine_quality,accuracy,0.9418,0.9571,0.9622,0.9694,0.9704,0.9704,0.9122
catboost,wine_quality,precision,0.2545,0.2500,0.2941,0.5000,0.6667,0.6667,0.1667
catboost,wine_quality,recall,0.4667,0.2000,0.1667,0.1333,0.0667,0.0667,0.4667
catboost,yeast,accuracy,0.9495,0.9562,0.9461,0.9394,0.9394,0.9394,0.9596
catboost,yeast,precision,0.7200,0.7857,0.7838,0.7714,0.8065,0.8065,0.7907
catboost,yeast,recall,0.9730,0.8919,0.7838,0.7297,0.6757,0.6757,0.9189
decision_tree,auction,accuracy,1.0000,1.0000,1.0000,1.0000,1.0000,1.0000,0.9951
decision_tree,auction,precision,1.0000,1.0000,1.0000,1.0000,1.0000,1.0000,1.0000
decision_tree,auction,recall,1.0000,1.0000,1.0000,1.0000,1.0000,1.0000,0.9636
decision_tree,chess,accuracy,0.9828,0.9828,0.9828,0.9828,0.9828,0.9828,0.9897
decision_tree,chess,precision,0.7143,0.7143,0.7143,0.7143,0.7143,0.7143,0.8095
decision_tree,chess,recall,0.7895,0.7895,0.7895,0.7895,0.7895,0.7895,0.8947
decision_tree,climate_simulation_crashes,accuracy,0.9074,0.9074,0.9074,0.9074,0.9074,0.9074,0.8889
decision_tree,climate_simulation_crashes,precision,0.9314,0.9314,0.9314,0.9314,0.9314,0.9314,0.9479
decision_tree,climate_simulation_crashes,recall,0.9694,0.9694,0.9694,0.9694,0.9694,0.9694,0.9286
decision_tree,club_loan,accuracy,0.7286,0.7286,0.7286,0.7286,0.7286,0.7249,0.7088
decision_tree,club_loan,precision,0.2022,0.2022,0.2022,0.2022,0.2022,0.2094,0.1907
decision_tree,club_loan,recall,0.2393,0.2393,0.2393,0.2393,0.2393,0.2623,0.2557
decision_tree,coil_2000,accuracy,0.8692,0.8697,0.8697,0.8738,0.8865,0.8824,0.8753
decision_tree,coil_2000,precision,0.1034,0.1040,0.1040,0.1091,0.1061,0.1056,0.1159
decision_tree,coil_2000,recall,0.1513,0.1513,0.1513,0.1513,0.1176,0.1261,0.1597
decision_tree,graduation,accuracy,0.8787,0.8787,0.8787,0.8787,0.8787,0.8787,0.7988
decision_tree,graduation,precision,0.1562,0.1562,0.1562,0.1562,0.1562,0.1562,0.1111
decision_tree,graduation,recall,0.2632,0.2632,0.2632,0.2632,0.2632,0.2632,0.3684
decision_tree,jm1,accuracy,0.7350,0.7460,0.7492,0.7506,0.7538,0.7423,0.7395
decision_tree,jm1,precision,0.3451,0.3604,0.3640,0.3646,0.3703,0.3401,0.3419
decision_tree,jm1,recall,0.4200,0.4129,0.4057,0.3986,0.3986,0.3604,0.3819
decision_tree,kc1,accuracy,0.7891,0.8104,0.8152,0.8199,0.8246,0.8199,0.8175
decision_tree,kc1,precision,0.3506,0.3971,0.4091,0.4219,0.4355,0.4286,0.4203
decision_tree,kc1,recall,0.4091,0.4091,0.4091,0.4091,0.4091,0.4545,0.4394
decision_tree,letter_img,accuracy,0.9940,0.9940,0.9940,0.9940,0.9940,0.9940,0.9938
decision_tree,letter_img,precision,0.8913,0.8913,0.8913,0.8913,0.8913,0.8913,0.8690
decision_tree,letter_img,recall,0.9318,0.9318,0.9318,0.9318,0.9318,0.9318,0.9545
decision_tree,mammography,accuracy,0.9857,0.9857,0.9857,0.9857,0.9857,0.9857,0.9799
decision_tree,mammography,precision,0.6957,0.6957,0.6957,0.6957,0.6957,0.6957,0.5373
decision_tree,mammography,recall,0.6400,0.6400,0.6400,0.6400,0.6400,0.6400,0.7200
decision_tree,optical_digits,accuracy,0.9626,0.9626,0.9626,0.9626,0.9626,0.9626,0.9609
decision_tree,optical_digits,precision,0.7838,0.7838,0.7838,0.7838,0.7838,0.7838,0.7748
decision_tree,optical_digits,recall,0.8286,0.8286,0.8286,0.8286,0.8286,0.8286,0.8190
decision_tree,ozone_level,accuracy,0.9014,0.9014,0.9014,0.9014,0.9014,0.9191,0.8915
decision_tree,ozone_level,precision,0.2424,0.2424,0.2424,0.2424,0.2424,0.3462,0.2381
decision_tree,ozone_level,recall,0.2424,0.2424,0.2424,0.2424,0.2424,0.2727,0.3030
decision_tree,page_blocks,accuracy,0.9717,0.9717,0.9717,0.9717,0.9699,0.9699,0.9689
decision_tree,page_blocks,precision,0.8919,0.8919,0.8919,0.8919,0.8899,0.8899,0.8684
decision_tree,page_blocks,recall,0.8390,0.8390,0.8390,0.8390,0.8220,0.8220,0.8390
decision_tree,pc1,accuracy,0.9054,0.9054,0.9054,0.9009,0.9009,0.9009,0.8964
decision_tree,pc1,precision,0.4375,0.4375,0.4375,0.4000,0.4000,0.4000,0.3889
decision_tree,pc1,recall,0.3684,0.3684,0.3684,0.3158,0.3158,0.3158,0.3684
decision_tree,pen_digits,accuracy,0.9914,0.9914,0.9914,0.9914,0.9914,0.9914,0.9891
decision_tree,pen_digits,precision,0.9755,0.9755,0.9755,0.9755,0.9755,0.9755,0.9479
decision_tree,pen_digits,recall,0.9343,0.9343,0.9343,0.9343,0.9343,0.9343,0.9390
decision_tree,pie_chart,accuracy,0.8148,0.8148,0.8148,0.8148,0.8148,0.8148,0.8056
decision_tree,pie_chart,precision,0.4074,0.4074,0.4074,0.4074,0.4074,0.4074,0.3793
decision_tree,pie_chart,recall,0.3143,0.3143,0.3143,0.3143,0.3143,0.3143,0.3143
decision_tree,satellite,accuracy,0.9912,0.9912,0.9912,0.9912,0.9912,0.9912,0.9882
decision_tree,satellite,precision,0.7143,0.7143,0.7143,0.7143,0.7143,0.7143,0.6667
decision_tree,satellite,recall,0.8333,0.8333,0.8333,0.8333,0.8333,0.8333,0.6667
decision_tree,satimage,accuracy,0.9138,0.9138,0.9138,0.9138,0.9138,0.9138,0.9083
decision_tree,satimage,precision,0.5664,0.5664,0.5664,0.5664,0.5664,0.5664,0.5357
decision_tree,satimage,recall,0.6231,0.6231,0.6231,0.6231,0.6231,0.6231,0.6923
decision_tree,seismic_bumps,accuracy,0.8762,0.8762,0.8762,0.8762,0.8762,0.8762,0.8665
decision_tree,seismic_bumps,precision,0.1143,0.1143,0.1143,0.1143,0.1143,0.1143,0.1923
decision_tree,seismic_bumps,recall,0.1081,0.1081,0.1081,0.1081,0.1081,0.1081,0.2703
decision_tree,shuttle,accuracy,1.0000,1.0000,1.0000,1.0000,1.0000,1.0000,1.0000
decision_tree,shuttle,precision,1.0000,1.0000,1.0000,1.0000,1.0000,1.0000,1.0000
decision_tree,shuttle,recall,1.0000,1.0000,1.0000,1.0000,1.0000,1.0000,1.0000
decision_tree,sick_euthyroid,accuracy,0.9652,0.9652,0.9652,0.9652,0.9652,0.9652,0.9605
decision_tree,sick_euthyroid,precision,0.8571,0.8571,0.8571,0.8571,0.8571,0.8571,0.8133
decision_tree,sick_euthyroid,recall,0.8333,0.8333,0.8333,0.8333,0.8333,0.8333,0.8472
decision_tree,solar_flare,accuracy,0.8777,0.9209,0.9173,0.9173,0.9245,0.9245,0.9029
decision_tree,solar_flare,precision,0.1875,0.3000,0.2632,0.2632,0.2941,0.2941,0.2174
decision_tree,solar_flare,recall,0.4286,0.4286,0.3571,0.3571,0.3571,0.3571,0.3571
decision_tree,thoracic_surgery,accuracy,0.7553,0.7553,0.7553,0.7553,0.7553,0.7553,0.7447
decision_tree,thoracic_surgery,precision,0.8333,0.8333,0.8333,0.8333,0.8333,0.8333,0.8072
decision_tree,thoracic_surgery,recall,0.8667,0.8667,0.8667,0.8667,0.8667,0.8667,0.8933
decision_tree,thyroid_disease,accuracy,0.9854,0.9854,0.9854,0.9854,0.9854,0.9854,0.9841
decision_tree,thyroid_disease,precision,0.8857,0.8857,0.8857,0.8857,0.8857,0.8857,0.8250
decision_tree,thyroid_disease,recall,0.8158,0.8158,0.8158,0.8158,0.8158,0.8158,0.8684
decision_tree,us_crime,accuracy,0.9098,0.9098,0.9098,0.9098,0.9098,0.9248,0.8922
decision_tree,us_crime,precision,0.2000,0.2000,0.2000,0.2000,0.2000,0.3448,0.1765
decision_tree,us_crime,recall,0.2381,0.2381,0.2381,0.2381,0.2381,0.4762,0.2857
decision_tree,vowel,accuracy,0.9798,0.9798,0.9798,0.9798,0.9798,0.9798,0.9798
decision_tree,vowel,precision,0.9167,0.9167,0.9167,0.9167,0.9167,0.9167,0.9545
decision_tree,vowel,recall,0.9167,0.9167,0.9167,0.9167,0.9167,0.9167,0.8750
decision_tree,wilt,accuracy,0.9804,0.9804,0.9804,0.9804,0.9804,0.9804,0.9783
decision_tree,wilt,precision,0.9000,0.9000,0.9000,0.9000,0.9000,0.9000,0.8000
decision_tree,wilt,recall,0.7059,0.7059,0.7059,0.7059,0.7059,0.7059,0.7843
decision_tree,wine_quality,accuracy,0.9520,0.9520,0.9520,0.9520,0.9520,0.9520,0.9296
decision_tree,wine_quality,precision,0.2703,0.2703,0.2703,0.2703,0.2703,0.2703,0.1803
decision_tree,wine_quality,recall,0.3333,0.3333,0.3333,0.3333,0.3333,0.3333,0.3667
decision_tree,yeast,accuracy,0.9125,0.9125,0.9125,0.9125,0.9125,0.9125,0.9327
decision_tree,yeast,precision,0.6897,0.6897,0.6897,0.6897,0.6897,0.6897,0.7073
decision_tree,yeast,recall,0.5405,0.5405,0.5405,0.5405,0.5405,0.5405,0.7838
extra_trees,auction,accuracy,0.8680,0.9120,0.9389,0.9584,0.9462,0.9487,0.9413
extra_trees,auction,precision,0.5046,0.6092,0.7027,0.8800,1.0000,1.0000,0.9189
extra_trees,auction,recall,1.0000,0.9636,0.9455,0.8000,0.6000,0.6182,0.6182
extra_trees,chess,accuracy,0.9776,0.9828,0.9811,0.9845,0.9914,0.9897,0.9931
extra_trees,chess,precision,0.6000,0.6667,0.6818,0.7500,0.9375,0.8824,0.8947
extra_trees,chess,recall,0.9474,0.9474,0.7895,0.7895,0.7895,0.7895,0.8947
extra_trees,climate_simulation_crashes,accuracy,0.9074,0.9074,0.9074,0.9074,0.9074,0.9074,0.9259
extra_trees,climate_simulation_crashes,precision,0.9074,0.9074,0.9074,0.9074,0.9074,0.9074,0.9327
extra_trees,climate_simulation_crashes,recall,1.0000,1.0000,1.0000,1.0000,1.0000,1.0000,0.9898
extra_trees,club_loan,accuracy,0.4462,0.6905,0.7787,0.8142,0.8330,0.8340,0.7965
extra_trees,club_loan,precision,0.1947,0.2543,0.2667,0.2571,0.2973,0.3333,0.2185
extra_trees,club_loan,recall,0.7902,0.4885,0.2230,0.0885,0.0361,0.0426,0.1082
extra_trees,coil_2000,accuracy,0.8000,0.8692,0.8952,0.9084,0.9206,0.9181,0.9104
extra_trees,coil_2000,precision,0.1063,0.1368,0.1520,0.1325,0.1754,0.1613,0.1481
extra_trees,coil_2000,recall,0.3109,0.2185,0.1597,0.0924,0.0840,0.0840,0.1008
extra_trees,graduation,accuracy,0.6716,0.8521,0.9083,0.9320,0.9379,0.9379,0.9112
extra_trees,graduation,precision,0.0965,0.1026,0.1250,0.0000,0.0000,0.0000,0.0769
extra_trees,graduation,recall,0.5789,0.2105,0.1053,0.0000,0.0000,0.0000,0.0526
extra_trees,jm1,accuracy,0.5319,0.6711,0.7657,0.7960,0.8112,0.8048,0.7997
extra_trees,jm1,precision,0.2751,0.3322,0.4110,0.4590,0.5213,0.4854,0.4708
extra_trees,jm1,recall,0.8759,0.7017,0.5012,0.3341,0.2339,0.2387,0.3270
extra_trees,kc1,accuracy,0.6872,0.7701,0.8033,0.8460,0.8626,0.8626,0.8507
extra_trees,kc1,precision,0.3207,0.3780,0.4086,0.5091,0.6250,0.6250,0.5306
extra_trees,kc1,recall,0.8939,0.7273,0.5758,0.4242,0.3030,0.3030,0.3939
extra_trees,letter_img,accuracy,0.9880,0.9960,0.9975,0.9970,0.9958,0.9955,0.9960
extra_trees,letter_img,precision,0.7360,0.9203,0.9621,0.9762,1.0000,1.0000,0.9754
extra_trees,letter_img,recall,0.9924,0.9621,0.9621,0.9318,0.8712,0.8636,0.9015
extra_trees,mammography,accuracy,0.9718,0.9839,0.9893,0.9897,0.9902,0.9902,0.9875
extra_trees,mammography,precision,0.4343,0.6061,0.7826,0.8857,0.9375,0.9375,0.7895
extra_trees,mammography,recall,0.8600,0.8000,0.7200,0.6200,0.6000,0.6000,0.6000
extra_trees,optical_digits,accuracy,0.9306,0.9795,0.9973,0.9947,0.9884,0.9884,0.9911
extra_trees,optical_digits,precision,0.5738,0.8203,0.9722,0.9901,1.0000,1.0000,1.0000
extra_trees,optical_digits,recall,1.0000,1.0000,1.0000,0.9524,0.8762,0.8762,0.9048
extra_trees,ozone_level,accuracy,0.8363,0.9112,0.9389,0.9448,0.9369,0.9408,0.9349
extra_trees,ozone_level,precision,0.2642,0.3750,0.5556,0.7778,0.6000,0.8000,0.5000
extra_trees,ozone_level,recall,0.8485,0.5455,0.3030,0.2121,0.0909,0.1212,0.1212
extra_trees,page_blocks,accuracy,0.9534,0.9717,0.9753,0.9790,0.9772,0.9772,0.9763
extra_trees,page_blocks,precision,0.7081,0.8222,0.8699,0.9060,0.9115,0.9115,0.9035
extra_trees,page_blocks,recall,0.9661,0.9407,0.9068,0.8983,0.8729,0.8729,0.8729
extra_trees,pc1,accuracy,0.8514,0.8964,0.9054,0.9054,0.9099,0.9099,0.9144
extra_trees,pc1,precision,0.3250,0.3889,0.4286,0.3750,0.4000,0.4000,0.5000
extra_trees,pc1,recall,0.6842,0.3684,0.3158,0.1579,0.1053,0.1053,0.2632
extra_trees,pen_digits,accuracy,0.9868,0.9977,0.9986,0.9986,0.9977,0.9977,0.9973
extra_trees,pen_digits,precision,0.8802,0.9771,0.9953,1.0000,1.0000,1.0000,1.0000
extra_trees,pen_digits,recall,1.0000,1.0000,0.9906,0.9859,0.9765,0.9765,0.9718
extra_trees,pie_chart,accuracy,0.6991,0.7778,0.8380,0.8472,0.8472,0.8426,0.8611
extra_trees,pie_chart,precision,0.3256,0.3934,0.5000,0.5714,0.6667,0.6000,0.6667
extra_trees,pie_chart,recall,0.8000,0.6857,0.4571,0.2286,0.1143,0.0857,0.2857
extra_trees,satellite,accuracy,0.9882,0.9912,0.9941,0.9931,0.9912,0.9912,0.9931
extra_trees,satellite,precision,0.6154,0.7647,0.9286,0.9231,0.9091,0.9091,1.0000
extra_trees,satellite,recall,0.8889,0.7222,0.7222,0.6667,0.5556,0.5556,0.6111
extra_trees,satimage,accuracy,0.8244,0.8998,0.9231,0.9464,0.9518,0.9510,0.9378
extra_trees,satimage,precision,0.3613,0.5021,0.5847,0.7328,0.8542,0.8526,0.6786
extra_trees,satimage,recall,0.9615,0.9000,0.8231,0.7385,0.6308,0.6231,0.7308
extra_trees,seismic_bumps,accuracy,0.7950,0.8627,0.8917,0.9052,0.9246,0.9246,0.9014
extra_trees,seismic_bumps,precision,0.1650,0.1731,0.1724,0.1667,0.3750,0.3750,0.1500
extra_trees,seismic_bumps,recall,0.4595,0.2432,0.1351,0.0811,0.0811,0.0811,0.0811
extra_trees,shuttle,accuracy,1.0000,1.0000,1.0000,1.0000,0.9973,0.9973,0.9973
extra_trees,shuttle,precision,1.0000,1.0000,1.0000,1.0000,1.0000,1.0000,1.0000
extra_trees,shuttle,recall,1.0000,1.0000,1.0000,1.0000,0.9667,0.9667,0.9667
extra_trees,sick_euthyroid,accuracy,0.8894,0.9542,0.9684,0.9668,0.9605,0.9589,0.9605
extra_trees,sick_euthyroid,precision,0.5078,0.7471,0.8514,0.8806,0.9434,0.9600,0.8852
extra_trees,sick_euthyroid,recall,0.9028,0.9028,0.8750,0.8194,0.6944,0.6667,0.7500
extra_trees,solar_flare,accuracy,0.8597,0.9065,0.9173,0.9245,0.9388,0.9424,0.9173
extra_trees,solar_flare,precision,0.1622,0.2500,0.2632,0.2941,0.3846,0.4167,0.2632
extra_trees,solar_flare,recall,0.4286,0.4286,0.3571,0.3571,0.3571,0.3571,0.3571
extra_trees,thoracic_surgery,accuracy,0.7979,0.7979,0.7979,0.7872,0.7766,0.7766,0.7660
extra_trees,thoracic_surgery,precision,0.7979,0.7979,0.7979,0.7957,0.7935,0.7935,0.8046
extra_trees,thoracic_surgery,recall,1.0000,1.0000,1.0000,0.9867,0.9733,0.9733,0.9333
extra_trees,thyroid_disease,accuracy,0.9258,0.9616,0.9682,0.9762,0.9801,0.9762,0.9788
extra_trees,thyroid_disease,precision,0.4022,0.5789,0.6591,0.7778,0.8966,0.8571,0.8667
extra_trees,thyroid_disease,recall,0.9737,0.8684,0.7632,0.7368,0.6842,0.6316,0.6842
extra_trees,us_crime,accuracy,0.8446,0.9098,0.9373,0.9398,0.9449,0.9499,0.9499
extra_trees,us_crime,precision,0.2469,0.2973,0.4000,0.4000,0.4545,0.5714,0.5333
extra_trees,us_crime,recall,0.9524,0.5238,0.3810,0.2857,0.2381,0.1905,0.3810
extra_trees,vowel,accuracy,0.9697,1.0000,1.0000,1.0000,1.0000,1.0000,0.9949
extra_trees,vowel,precision,0.8000,1.0000,1.0000,1.0000,1.0000,1.0000,1.0000
extra_trees,vowel,recall,1.0000,1.0000,1.0000,1.0000,1.0000,1.0000,0.9583
extra_trees,wilt,accuracy,0.9731,0.9866,0.9886,0.9855,0.9824,0.9835,0.9855
extra_trees,wilt,precision,0.6667,0.8519,0.9348,0.9302,0.9722,0.9487,0.9302
extra_trees,wilt,recall,0.9804,0.9020,0.8431,0.7843,0.6863,0.7255,0.7843
extra_trees,wine_quality,accuracy,0.9286,0.9582,0.9704,0.9724,0.9714,0.9714,0.9694
extra_trees,wine_quality,precision,0.2500,0.3778,0.5263,0.6667,0.6250,0.6250,0.5000
extra_trees,wine_quality,recall,0.6667,0.5667,0.3333,0.2000,0.1667,0.1667,0.2667
extra_trees,yeast,accuracy,0.8754,0.9495,0.9461,0.9461,0.9394,0.9394,0.9428
extra_trees,yeast,precision,0.5000,0.7292,0.7692,0.8387,0.8519,0.8519,0.8125
extra_trees,yeast,recall,1.0000,0.9459,0.8108,0.7027,0.6216,0.6216,0.7027
lightgbm,auction,accuracy,1.0000,1.0000,1.0000,1.0000,0.9976,0.9976,1.0000
lightgbm,auction,precision,1.0000,1.0000,1.0000,1.0000,1.0000,1.0000,1.0000
lightgbm,auction,recall,1.0000,1.0000,1.0000,1.0000,0.9818,0.9818,1.0000
lightgbm,chess,accuracy,0.9966,0.9948,0.9948,0.9948,0.9948,0.9948,0.9948
lightgbm,chess,precision,0.9048,0.9000,0.9000,0.9000,0.9000,0.9000,0.8636
lightgbm,chess,recall,1.0000,0.9474,0.9474,0.9474,0.9474,0.9474,1.0000
lightgbm,climate_simulation_crashes,accuracy,0.9444,0.9352,0.9352,0.9259,0.9259,0.9259,0.9352
lightgbm,climate_simulation_crashes,precision,0.9423,0.9417,0.9417,0.9412,0.9412,0.9412,0.9505
lightgbm,climate_simulation_crashes,recall,1.0000,0.9898,0.9898,0.9796,0.9796,0.9796,0.9796
lightgbm,club_loan,accuracy,0.5094,0.7182,0.7944,0.8194,0.8304,0.8304,0.8006
lightgbm,club_loan,precision,0.2057,0.2429,0.3057,0.3186,0.3276,0.3276,0.2609
lightgbm,club_loan,recall,0.7279,0.3639,0.2295,0.1180,0.0623,0.0623,0.1377
lightgbm,coil_2000,accuracy,0.8463,0.8875,0.9023,0.9196,0.9293,0.9272,0.9282
lightgbm,coil_2000,precision,0.1494,0.1357,0.1589,0.2090,0.2222,0.2273,0.2500
lightgbm,coil_2000,recall,0.3277,0.1597,0.1429,0.1176,0.0672,0.0840,0.0924
lightgbm,graduation,accuracy,0.8728,0.8964,0.9172,0.9260,0.9320,0.9320,0.8787
lightgbm,graduation,precision,0.1667,0.1364,0.2000,0.1250,0.1667,0.1667,0.1562
lightgbm,graduation,recall,0.3158,0.1579,0.1579,0.0526,0.0526,0.0526,0.2632
lightgbm,jm1,accuracy,0.5310,0.7023,0.7740,0.7979,0.8075,0.8075,0.7956
lightgbm,jm1,precision,0.2677,0.3371,0.4085,0.4582,0.5000,0.5000,0.4545
lightgbm,jm1,recall,0.8282,0.5656,0.3890,0.2745,0.2196,0.2196,0.3103
lightgbm,kc1,accuracy,0.7844,0.8460,0.8483,0.8626,0.8697,0.8673,0.8389
lightgbm,kc1,precision,0.3853,0.5067,0.5156,0.5870,0.6279,0.6250,0.4808
lightgbm,kc1,recall,0.6364,0.5758,0.5000,0.4091,0.4091,0.3788,0.3788
lightgbm,letter_img,accuracy,0.9972,0.9970,0.9970,0.9972,0.9970,0.9970,0.9965
lightgbm,letter_img,precision,0.9549,0.9545,0.9545,0.9618,0.9615,0.9615,0.9470
lightgbm,letter_img,recall,0.9621,0.9545,0.9545,0.9545,0.9470,0.9470,0.9470
lightgbm,mammography,accuracy,0.9875,0.9888,0.9893,0.9897,0.9902,0.9902,0.9861
lightgbm,mammography,precision,0.7115,0.7660,0.7955,0.8140,0.8333,0.8333,0.6727
lightgbm,mammography,recall,0.7400,0.7200,0.7000,0.7000,0.7000,0.7000,0.7400
lightgbm,optical_digits,accuracy,0.9947,0.9929,0.9920,0.9902,0.9902,0.9902,0.9902
lightgbm,optical_digits,precision,0.9714,0.9802,0.9800,0.9796,0.9796,0.9796,0.9608
lightgbm,optical_digits,recall,0.9714,0.9429,0.9333,0.9143,0.9143,0.9143,0.9333
lightgbm,ozone_level,accuracy,0.9310,0.9369,0.9310,0.9329,0.9369,0.9369,0.9270
lightgbm,ozone_level,precision,0.4615,0.5217,0.4500,0.4737,0.5385,0.5455,0.4167
lightgbm,ozone_level,recall,0.3636,0.3636,0.2727,0.2727,0.2121,0.1818,0.3030
lightgbm,page_blocks,accuracy,0.9717,0.9744,0.9735,0.9735,0.9744,0.9744,0.9726
lightgbm,page_blocks,precision,0.8783,0.9091,0.9083,0.9159,0.9245,0.9245,0.8793
lightgbm,page_blocks,recall,0.8559,0.8475,0.8390,0.8305,0.8305,0.8305,0.8644
lightgbm,pc1,accuracy,0.9054,0.9099,0.9099,0.9054,0.9189,0.9189,0.9144
lightgbm,pc1,precision,0.4000,0.4444,0.4444,0.3750,0.6000,0.6000,0.5000
lightgbm,pc1,recall,0.2105,0.2105,0.2105,0.1579,0.1579,0.1579,0.2105
lightgbm,pen_digits,accuracy,0.9982,0.9973,0.9968,0.9968,0.9964,0.9964,0.9973
lightgbm,pen_digits,precision,1.0000,1.0000,1.0000,1.0000,1.0000,1.0000,1.0000
lightgbm,pen_digits,recall,0.9812,0.9718,0.9671,0.9671,0.9624,0.9624,0.9718
lightgbm,pie_chart,accuracy,0.8241,0.8194,0.8333,0.8333,0.8380,0.8380,0.8426
lightgbm,pie_chart,precision,0.4400,0.4000,0.4706,0.4667,0.5000,0.5000,0.5238
lightgbm,pie_chart,recall,0.3143,0.2286,0.2286,0.2000,0.1714,0.1714,0.3143
lightgbm,satellite,accuracy,0.9941,0.9941,0.9941,0.9941,0.9941,0.9941,0.9951
lightgbm,satellite,precision,0.9286,0.9286,0.9286,0.9286,0.9286,0.9286,1.0000
lightgbm,satellite,recall,0.7222,0.7222,0.7222,0.7222,0.7222,0.7222,0.7222
lightgbm,satimage,accuracy,0.9270,0.9347,0.9448,0.9479,0.9534,0.9534,0.9479
lightgbm,satimage,precision,0.5918,0.6369,0.7063,0.7405,0.7869,0.7869,0.7299
lightgbm,satimage,recall,0.8923,0.8231,0.7769,0.7462,0.7385,0.7385,0.7692
lightgbm,seismic_bumps,accuracy,0.8820,0.8975,0.9091,0.9168,0.9168,0.9168,0.8859
lightgbm,seismic_bumps,precision,0.2000,0.2143,0.2500,0.3125,0.2500,0.2500,0.1765
lightgbm,seismic_bumps,recall,0.2162,0.1622,0.1351,0.1351,0.0811,0.0811,0.1622
lightgbm,shuttle,accuracy,1.0000,1.0000,1.0000,1.0000,1.0000,1.0000,1.0000
lightgbm,shuttle,precision,1.0000,1.0000,1.0000,1.0000,1.0000,1.0000,1.0000
lightgbm,shuttle,recall,1.0000,1.0000,1.0000,1.0000,1.0000,1.0000,1.0000
lightgbm,sick_euthyroid,accuracy,0.9795,0.9795,0.9810,0.9810,0.9810,0.9810,0.9826
lightgbm,sick_euthyroid,precision,0.9403,0.9403,0.9545,0.9545,0.9545,0.9545,0.9420
lightgbm,sick_euthyroid,recall,0.8750,0.8750,0.8750,0.8750,0.8750,0.8750,0.9028
lightgbm,solar_flare,accuracy,0.8921,0.9353,0.9353,0.9424,0.9388,0.9388,0.9209
lightgbm,solar_flare,precision,0.2143,0.3750,0.3571,0.4167,0.3636,0.3636,0.2500
lightgbm,solar_flare,recall,0.4286,0.4286,0.3571,0.3571,0.2857,0.2857,0.2857
lightgbm,thoracic_surgery,accuracy,0.8085,0.8085,0.8191,0.8191,0.8191,0.8191,0.7766
lightgbm,thoracic_surgery,precision,0.8065,0.8065,0.8152,0.8152,0.8152,0.8152,0.8140
lightgbm,thoracic_surgery,recall,1.0000,1.0000,1.0000,1.0000,1.0000,1.0000,0.9333
lightgbm,thyroid_disease,accuracy,0.9907,0.9907,0.9921,0.9921,0.9934,0.9934,0.9907
lightgbm,thyroid_disease,precision,0.8974,0.8974,0.9211,0.9211,0.9459,0.9459,0.8974
lightgbm,thyroid_disease,recall,0.9211,0.9211,0.9211,0.9211,0.9211,0.9211,0.9211
lightgbm,us_crime,accuracy,0.9424,0.9424,0.9474,0.9474,0.9449,0.9524,0.9424
lightgbm,us_crime,precision,0.4167,0.4000,0.5000,0.5000,0.4286,0.6667,0.4167
lightgbm,us_crime,recall,0.2381,0.1905,0.1905,0.1905,0.1429,0.1905,0.2381
lightgbm,vowel,accuracy,0.9949,0.9949,0.9949,0.9899,0.9848,0.9848,0.9848
lightgbm,vowel,precision,1.0000,1.0000,1.0000,1.0000,1.0000,1.0000,1.0000
lightgbm,vowel,recall,0.9583,0.9583,0.9583,0.9167,0.8750,0.8750,0.8750
lightgbm,wilt,accuracy,0.9855,0.9835,0.9824,0.9824,0.9804,0.9804,0.9814
lightgbm,wilt,precision,0.8936,0.8889,0.8864,0.8864,0.8810,0.8810,0.8367
lightgbm,wilt,recall,0.8235,0.7843,0.7647,0.7647,0.7255,0.7255,0.8039
lightgbm,wine_quality,accuracy,0.9643,0.9694,0.9724,0.9735,0.9745,0.9745,0.9653
lightgbm,wine_quality,precision,0.4138,0.5000,0.5882,0.6667,0.7778,0.7778,0.4167
lightgbm,wine_quality,recall,0.4000,0.3667,0.3333,0.2667,0.2333,0.2333,0.3333
lightgbm,yeast,accuracy,0.9461,0.9428,0.9394,0.9360,0.9259,0.9259,0.9327
lightgbm,yeast,precision,0.7692,0.7778,0.8065,0.8000,0.7778,0.7778,0.7297
lightgbm,yeast,recall,0.8108,0.7568,0.6757,0.6486,0.5676,0.5676,0.7297
logistic_regression,auction,accuracy,0.6161,0.7579,0.8142,0.8582,0.8655,0.8655,0.6724
logistic_regression,auction,precision,0.2398,0.2708,0.2941,0.4211,0.5000,0.5000,0.2547
logistic_regression,auction,recall,0.8545,0.4727,0.2727,0.1455,0.0545,0.0545,0.7455
logistic_regression,chess,accuracy,0.9793,0.9897,0.9897,0.9862,0.9862,0.9862,0.9862
logistic_regression,chess,precision,0.6207,0.8421,0.8421,0.9231,0.9231,0.9231,0.7200
logistic_regression,chess,recall,0.9474,0.8421,0.8421,0.6316,0.6316,0.6316,0.9474
logistic_regression,climate_simulation_crashes,accuracy,0.9167,0.9444,0.9444,0.9444,0.9259,0.9259,0.8981
logistic_regression,climate_simulation_crashes,precision,0.9159,0.9423,0.9423,0.9510,0.9500,0.9500,0.9888
logistic_regression,climate_simulation_crashes,recall,1.0000,1.0000,1.0000,0.9898,0.9694,0.9694,0.8980
logistic_regression,club_loan,accuracy,0.3956,0.7328,0.8100,0.8366,0.8403,0.8403,0.7020
logistic_regression,club_loan,precision,0.1986,0.3006,0.3455,0.4412,0.4762,0.4762,0.2608
logistic_regression,club_loan,recall,0.9213,0.5115,0.2164,0.0984,0.0328,0.0328,0.4754
logistic_regression,coil_2000,accuracy,0.8102,0.9125,0.9328,0.9354,0.9379,0.9379,0.6692
logistic_regression,coil_2000,precision,0.1412,0.1882,0.2174,0.1667,0.2000,0.2000,0.1078
logistic_regression,coil_2000,recall,0.4202,0.1345,0.0420,0.0168,0.0084,0.0084,0.6134
logistic_regression,graduation,accuracy,0.7485,0.8728,0.9320,0.9349,0.9320,0.9320,0.7308
logistic_regression,graduation,precision,0.0976,0.1471,0.3000,0.2000,0.0000,0.0000,0.1087
logistic_regression,graduation,recall,0.4211,0.2632,0.1579,0.0526,0.0000,0.0000,0.5263
logistic_regression,jm1,accuracy,0.3211,0.7088,0.8002,0.8089,0.8112,0.8117,0.7129
logistic_regression,jm1,precision,0.2149,0.3484,0.4699,0.5113,0.5500,0.5570,0.3503
logistic_regression,jm1,recall,0.9523,0.5895,0.2983,0.1623,0.1050,0.1050,0.5752
logistic_regression,kc1,accuracy,0.6137,0.7204,0.8270,0.8531,0.8578,0.8578,0.6659
logistic_regression,kc1,precision,0.2679,0.2903,0.4407,0.5526,0.6250,0.6250,0.2581
logistic_regression,kc1,recall,0.8485,0.5455,0.3939,0.3182,0.2273,0.2273,0.6061
logistic_regression,letter_img,accuracy,0.9630,0.9752,0.9815,0.9832,0.9838,0.9838,0.9428
logistic_regression,letter_img,precision,0.4675,0.5965,0.7042,0.7731,0.8252,0.8252,0.3634
logistic_regression,letter_img,recall,0.8712,0.7727,0.7576,0.6970,0.6439,0.6439,0.9773
logistic_regression,mammography,accuracy,0.9700,0.9848,0.9870,0.9884,0.9879,0.9879,0.8927
logistic_regression,mammography,precision,0.4141,0.6600,0.7442,0.8750,0.9259,0.9259,0.1607
logistic_regression,mammography,recall,0.8200,0.6600,0.6400,0.5600,0.5000,0.5000,0.9000
logistic_regression,optical_digits,accuracy,0.9413,0.9600,0.9698,0.9715,0.9733,0.9733,0.9564
logistic_regression,optical_digits,precision,0.6211,0.7273,0.8087,0.8411,0.9032,0.9032,0.7000
logistic_regression,optical_digits,recall,0.9524,0.9143,0.8857,0.8571,0.8000,0.8000,0.9333
logistic_regression,ozone_level,accuracy,0.8619,0.9250,0.9329,0.9250,0.9270,0.9310,0.8481
logistic_regression,ozone_level,precision,0.2967,0.4528,0.4848,0.3810,0.3750,0.4375,0.2708
logistic_regression,ozone_level,recall,0.8182,0.7273,0.4848,0.2424,0.1818,0.2121,0.7879
logistic_regression,page_blocks,accuracy,0.9050,0.9370,0.9498,0.9479,0.9525,0.9525,0.9132
logistic_regression,page_blocks,precision,0.5357,0.6763,0.7647,0.7905,0.8929,0.8929,0.5622
logistic_regression,page_blocks,recall,0.8898,0.7966,0.7712,0.7034,0.6356,0.6356,0.8814
logistic_regression,pc1,accuracy,0.8198,0.9009,0.9144,0.9234,0.9189,0.9189,0.7387
logistic_regression,pc1,precision,0.1818,0.3636,0.5000,0.7500,1.0000,1.0000,0.2254
logistic_regression,pc1,recall,0.3158,0.2105,0.1579,0.1579,0.0526,0.0526,0.8421
logistic_regression,pen_digits,accuracy,0.9250,0.9482,0.9618,0.9623,0.9641,0.9641,0.9368
logistic_regression,pen_digits,precision,0.5694,0.6827,0.7817,0.8125,0.8526,0.8526,0.6156
logistic_regression,pen_digits,recall,0.9249,0.8685,0.8404,0.7934,0.7606,0.7606,0.9249
logistic_regression,pie_chart,accuracy,0.7454,0.7963,0.8287,0.8519,0.8519,0.8519,0.7593
logistic_regression,pie_chart,precision,0.3684,0.3902,0.4545,0.6000,0.7143,0.7143,0.3768
logistic_regression,pie_chart,recall,0.8000,0.4571,0.2857,0.2571,0.1429,0.1429,0.7429
logistic_regression,satellite,accuracy,0.9863,0.9892,0.9922,0.9922,0.9931,0.9931,0.9843
logistic_regression,satellite,precision,0.5833,0.6842,0.8125,0.8125,0.8667,0.8667,0.5333
logistic_regression,satellite,recall,0.7778,0.7222,0.7222,0.7222,0.7222,0.7222,0.8889
logistic_regression,satimage,accuracy,0.6061,0.8361,0.8959,0.8998,0.8990,0.8990,0.6154
logistic_regression,satimage,precision,0.1853,0.2484,0.4091,0.6000,0.5000,0.5000,0.1859
logistic_regression,satimage,recall,0.8538,0.3077,0.0692,0.0231,0.0077,0.0077,0.8308
logistic_regression,seismic_bumps,accuracy,0.8298,0.9188,0.9304,0.9284,0.9284,0.9284,0.7814
logistic_regression,seismic_bumps,precision,0.2135,0.4074,0.5714,0.5000,0.0000,0.0000,0.1885
logistic_regression,seismic_bumps,recall,0.5135,0.2973,0.1081,0.0270,0.0000,0.0000,0.6216
logistic_regression,shuttle,accuracy,0.9973,0.9973,0.9973,0.9973,0.9973,0.9973,0.9973
logistic_regression,shuttle,precision,1.0000,1.0000,1.0000,1.0000,1.0000,1.0000,1.0000
logistic_regression,shuttle,recall,0.9667,0.9667,0.9667,0.9667,0.9667,0.9667,0.9667
logistic_regression,sick_euthyroid,accuracy,0.8847,0.9447,0.9700,0.9526,0.9431,0.9431,0.9194
logistic_regression,sick_euthyroid,precision,0.4962,0.6989,0.8732,0.8889,0.9091,0.9091,0.5946
logistic_regression,sick_euthyroid,recall,0.9028,0.9028,0.8611,0.6667,0.5556,0.5556,0.9167
logistic_regression,solar_flare,accuracy,0.8777,0.9281,0.9388,0.9460,0.9424,0.9424,0.7698
logistic_regression,solar_flare,precision,0.1875,0.2500,0.3333,0.4000,0.0000,0.0000,0.1212
logistic_regression,solar_flare,recall,0.4286,0.2143,0.2143,0.1429,0.0000,0.0000,0.5714
logistic_regression,thoracic_surgery,accuracy,0.7979,0.7979,0.7979,0.7979,0.7979,0.7979,0.5532
logistic_regression,thoracic_surgery,precision,0.7979,0.7979,0.7979,0.7979,0.7979,0.7979,0.7705
logistic_regression,thoracic_surgery,recall,1.0000,1.0000,1.0000,1.0000,1.0000,1.0000,0.6267
logistic_regression,thyroid_disease,accuracy,0.9152,0.9536,0.9722,0.9682,0.9709,0.9709,0.8927
logistic_regression,thyroid_disease,precision,0.3646,0.5231,0.6735,0.6944,0.7667,0.7667,0.3130
logistic_regression,thyroid_disease,recall,0.9211,0.8947,0.8684,0.6579,0.6053,0.6053,0.9474
logistic_regression,us_crime,accuracy,0.9023,0.9223,0.9424,0.9424,0.9449,0.9449,0.8922
logistic_regression,us_crime,precision,0.3125,0.3438,0.4545,0.4444,0.4615,0.4615,0.2708
logistic_regression,us_crime,recall,0.7143,0.5238,0.4762,0.3810,0.2857,0.2857,0.6190
logistic_regression,vowel,accuracy,0.9141,0.9343,0.9545,0.9596,0.9596,0.9596,0.9394
logistic_regression,vowel,precision,0.5854,0.6774,0.8261,0.9000,0.9444,0.9444,0.7000
logistic_regression,vowel,recall,1.0000,0.8750,0.7917,0.7500,0.7083,0.7083,0.8750
logistic_regression,wilt,accuracy,0.9339,0.9638,0.9638,0.9669,0.9566,0.9566,0.9514
logistic_regression,wilt,precision,0.4393,0.6379,0.7222,0.8800,0.9091,0.9091,0.5227
logistic_regression,wilt,recall,0.9216,0.7255,0.5098,0.4314,0.1961,0.1961,0.9020
logistic_regression,wine_quality,accuracy,0.9214,0.9551,0.9643,0.9684,0.9684,0.9684,0.7867
logistic_regression,wine_quality,precision,0.1594,0.2083,0.3077,0.4000,0.0000,0.0000,0.0950
logistic_regression,wine_quality,recall,0.3667,0.1667,0.1333,0.0667,0.0000,0.0000,0.7000
logistic_regression,yeast,accuracy,0.8855,0.9226,0.9327,0.9293,0.9360,0.9360,0.8990
logistic_regression,yeast,precision,0.5238,0.6522,0.7179,0.7500,0.8462,0.8462,0.5636
logistic_regression,yeast,recall,0.8919,0.8108,0.7568,0.6486,0.5946,0.5946,0.8378
xgboost,auction,accuracy,0.9731,0.9927,1.0000,1.0000,1.0000,1.0000,1.0000
xgboost,auction,precision,0.8333,0.9483,1.0000,1.0000,1.0000,1.0000,1.0000
xgboost,auction,recall,1.0000,1.0000,1.0000,1.0000,1.0000,1.0000,1.0000
xgboost,chess,accuracy,0.9862,0.9914,0.9931,0.9948,0.9948,0.9931,0.9931
xgboost,chess,precision,0.7037,0.7917,0.8571,0.9444,0.9444,0.8261,0.8261
xgboost,chess,recall,1.0000,1.0000,0.9474,0.8947,0.8947,1.0000,1.0000
xgboost,climate_simulation_crashes,accuracy,0.9259,0.9259,0.9352,0.9444,0.9444,0.9352,0.9352
xgboost,climate_simulation_crashes,precision,0.9245,0.9327,0.9417,0.9510,0.9510,0.9596,0.9596
xgboost,climate_simulation_crashes,recall,1.0000,0.9898,0.9898,0.9898,0.9898,0.9694,0.9694
xgboost,club_loan,accuracy,0.7432,0.7871,0.7991,0.8105,0.8199,0.7980,0.7980
xgboost,club_loan,precision,0.2507,0.2751,0.2802,0.2899,0.3039,0.2438,0.2438
xgboost,club_loan,recall,0.3082,0.2066,0.1672,0.1311,0.1016,0.1279,0.1279
xgboost,coil_2000,accuracy,0.8768,0.8952,0.9033,0.9084,0.9155,0.9176,0.9191
xgboost,coil_2000,precision,0.1361,0.1463,0.1485,0.1494,0.1781,0.1884,0.1875
xgboost,coil_2000,recall,0.1933,0.1513,0.1261,0.1092,0.1092,0.1092,0.1008
xgboost,graduation,accuracy,0.8521,0.8876,0.8964,0.9024,0.9142,0.8935,0.8935
xgboost,graduation,precision,0.1026,0.0476,0.0000,0.0000,0.0000,0.1600,0.1600
xgboost,graduation,recall,0.2105,0.0526,0.0000,0.0000,0.0000,0.2105,0.2105
xgboost,jm1,accuracy,0.7060,0.7515,0.7699,0.7859,0.7960,0.7855,0.7855
xgboost,jm1,precision,0.3292,0.3644,0.3874,0.4239,0.4514,0.4195,0.4195
xgboost,jm1,recall,0.5084,0.3914,0.3365,0.3126,0.2768,0.2983,0.2983
xgboost,kc1,accuracy,0.7749,0.8128,0.8294,0.8365,0.8483,0.8270,0.8270
xgboost,kc1,precision,0.3619,0.4156,0.4531,0.4717,0.5217,0.4364,0.4364
xgboost,kc1,recall,0.5758,0.4848,0.4394,0.3788,0.3636,0.3636,0.3636
xgboost,letter_img,accuracy,0.9972,0.9970,0.9970,0.9970,0.9968,0.9975,0.9975
xgboost,letter_img,precision,0.9353,0.9478,0.9478,0.9615,0.9612,0.9621,0.9621
xgboost,letter_img,recall,0.9848,0.9621,0.9621,0.9470,0.9394,0.9621,0.9621
xgboost,mammography,accuracy,0.9861,0.9866,0.9861,0.9884,0.9897,0.9870,0.9870
xgboost,mammography,precision,0.6792,0.7083,0.7021,0.8000,0.8857,0.7059,0.7059
xgboost,mammography,recall,0.7200,0.6800,0.6600,0.6400,0.6200,0.7200,0.7200
xgboost,optical_digits,accuracy,0.9911,0.9920,0.9893,0.9893,0.9893,0.9902,0.9902
xgboost,optical_digits,precision,0.9130,0.9528,0.9604,0.9697,0.9794,0.9519,0.9519
xgboost,optical_digits,recall,1.0000,0.9619,0.9238,0.9143,0.9048,0.9429,0.9429
xgboost,ozone_level,accuracy,0.9270,0.9369,0.9389,0.9408,0.9349,0.9329,0.9290
xgboost,ozone_level,precision,0.4375,0.5185,0.5385,0.5714,0.5000,0.4839,0.4483
xgboost,ozone_level,recall,0.4242,0.4242,0.4242,0.3636,0.2424,0.4545,0.3939
xgboost,page_blocks,accuracy,0.9744,0.9744,0.9753,0.9744,0.9744,0.9717,0.9717
xgboost,page_blocks,precision,0.8629,0.8879,0.9027,0.9018,0.9167,0.8718,0.8718
xgboost,page_blocks,recall,0.9068,0.8729,0.8644,0.8559,0.8390,0.8644,0.8644
xgboost,pc1,accuracy,0.8874,0.9009,0.9054,0.9144,0.9144,0.8919,0.8919
xgboost,pc1,precision,0.3333,0.3846,0.4000,0.5000,0.5000,0.3077,0.3077
xgboost,pc1,recall,0.3158,0.2632,0.2105,0.2105,0.1579,0.2105,0.2105
xgboost,pen_digits,accuracy,0.9977,0.9968,0.9964,0.9959,0.9959,0.9977,0.9977
xgboost,pen_digits,precision,0.9952,0.9952,0.9952,0.9951,1.0000,1.0000,1.0000
xgboost,pen_digits,recall,0.9812,0.9718,0.9671,0.9624,0.9577,0.9765,0.9765
xgboost,pie_chart,accuracy,0.7778,0.8009,0.8194,0.8194,0.8380,0.8426,0.8241
xgboost,pie_chart,precision,0.3243,0.3571,0.4167,0.3750,0.5000,0.5238,0.4348
xgboost,pie_chart,recall,0.3429,0.2857,0.2857,0.1714,0.1714,0.3143,0.2857
xgboost,satellite,accuracy,0.9912,0.9912,0.9922,0.9941,0.9951,0.9941,0.9941
xgboost,satellite,precision,0.7647,0.7647,0.8125,0.9286,1.0000,0.9286,0.9286
xgboost,satellite,recall,0.7222,0.7222,0.7222,0.7222,0.7222,0.7222,0.7222
xgboost,satimage,accuracy,0.9301,0.9417,0.9518,0.9526,0.9557,0.9456,0.9456
xgboost,satimage,precision,0.6149,0.6846,0.7576,0.7717,0.8174,0.7344,0.7344
xgboost,satimage,recall,0.8231,0.7846,0.7692,0.7538,0.7231,0.7231,0.7231
xgboost,seismic_bumps,accuracy,0.8743,0.9033,0.9130,0.9188,0.9226,0.8859,0.8859
xgboost,seismic_bumps,precision,0.2083,0.2903,0.3333,0.3684,0.4118,0.2105,0.2105
xgboost,seismic_bumps,recall,0.2703,0.2432,0.2162,0.1892,0.1892,0.2162,0.2162
xgboost,shuttle,accuracy,1.0000,1.0000,1.0000,1.0000,1.0000,1.0000,1.0000
xgboost,shuttle,precision,1.0000,1.0000,1.0000,1.0000,1.0000,1.0000,1.0000
xgboost,shuttle,recall,1.0000,1.0000,1.0000,1.0000,1.0000,1.0000,1.0000
xgboost,sick_euthyroid,accuracy,0.9763,0.9810,0.9795,0.9795,0.9763,0.9795,0.9795
xgboost,sick_euthyroid,precision,0.8904,0.9412,0.9403,0.9403,0.9385,0.9275,0.9275
xgboost,sick_euthyroid,recall,0.9028,0.8889,0.8750,0.8750,0.8472,0.8889,0.8889
xgboost,solar_flare,accuracy,0.8849,0.9317,0.9353,0.9388,0.9388,0.9173,0.9173
xgboost,solar_flare,precision,0.2000,0.3529,0.3571,0.3846,0.3636,0.2353,0.2353
xgboost,solar_flare,recall,0.4286,0.4286,0.3571,0.3571,0.2857,0.2857,0.2857
xgboost,thoracic_surgery,accuracy,0.8085,0.8085,0.8085,0.8085,0.8085,0.7553,0.7553
xgboost,thoracic_surgery,precision,0.8065,0.8065,0.8065,0.8132,0.8132,0.8023,0.8023
xgboost,thoracic_surgery,recall,1.0000,1.0000,1.0000,0.9867,0.9867,0.9200,0.9200
xgboost,thyroid_disease,accuracy,0.9841,0.9894,0.9894,0.9921,0.9934,0.9894,0.9894
xgboost,thyroid_disease,precision,0.7955,0.8750,0.8750,0.9211,0.9459,0.8750,0.8750
xgboost,thyroid_disease,recall,0.9211,0.9211,0.9211,0.9211,0.9211,0.9211,0.9211
xgboost,us_crime,accuracy,0.9298,0.9273,0.9398,0.9398,0.9449,0.9323,0.9373
xgboost,us_crime,precision,0.3478,0.3000,0.4000,0.3846,0.4545,0.3500,0.4000
xgboost,us_crime,recall,0.3810,0.2857,0.2857,0.2381,0.2381,0.3333,0.3810
xgboost,vowel,accuracy,0.9949,0.9949,0.9949,0.9899,0.9899,0.9848,0.9848
xgboost,vowel,precision,1.0000,1.0000,1.0000,1.0000,1.0000,1.0000,1.0000
xgboost,vowel,recall,0.9583,0.9583,0.9583,0.9167,0.9167,0.8750,0.8750
xgboost,wilt,accuracy,0.9897,0.9897,0.9876,0.9855,0.9835,0.9866,0.9866
xgboost,wilt,precision,0.8868,0.9184,0.9333,0.9302,0.9268,0.8654,0.8654
xgboost,wilt,recall,0.9216,0.8824,0.8235,0.7843,0.7451,0.8824,0.8824
xgboost,wine_quality,accuracy,0.9684,0.9724,0.9735,0.9735,0.9735,0.9653,0.9653
xgboost,wine_quality,precision,0.4828,0.5714,0.6250,0.6250,0.6250,0.4231,0.4231
xgboost,wine_quality,recall,0.4667,0.4000,0.3333,0.3333,0.3333,0.3667,0.3667
xgboost,yeast,accuracy,0.9360,0.9394,0.9394,0.9461,0.9461,0.9360,0.9360
xgboost,yeast,precision,0.7143,0.7436,0.7568,0.8000,0.8182,0.7368,0.7368
xgboost,yeast,recall,0.8108,0.7838,0.7568,0.7568,0.7297,0.7568,0.7568
